B00, 0
B01, 0
B02, 0
B03, 0
B04, 0
B05, 1
B05, Trade, 3.907, 72, B05, S01, 1
B06, 0
B07, 0
B08, 1
B08, Trade, 1039.326, 86, B08, S05, 1
B09, 7
B09, Trade, 65.465, 90, B09, S02, 1
B09, Trade, 172.605, 90, B09, S02, 1
B09, Trade, 406.186, 87, B09, S02, 1
B09, Trade, 585.581, 90, B09, S02, 1
B09, Trade, 661.442, 87, B09, S00, 1
B09, Trade, 786.000, 90, B09, S02, 1
B09, Trade, 1038.953, 90, B09, S00, 1
B10, 28
B10, Trade, 40.349, 95, B10, S08, 1
B10, Trade, 44.581, 95, B10, S08, 1
B10, Trade, 103.442, 95, B10, S02, 1
B10, Trade, 172.581, 95, B10, S00, 1
B10, Trade, 215.605, 95, B10, S08, 1
B10, Trade, 266.558, 95, B10, S02, 1
B10, Trade, 378.721, 95, B10, S08, 1
B10, Trade, 383.442, 95, B10, S00, 1
B10, Trade, 397.651, 95, B10, S02, 1
B10, Trade, 462.674, 95, B10, S08, 1
B10, Trade, 527.581, 95, B10, S00, 1
B10, Trade, 560.605, 95, B10, S02, 1
B10, Trade, 579.953, 95, B10, S08, 1
B10, Trade, 638.488, 95, B10, S05, 1
B10, Trade, 659.070, 95, B10, S02, 1
B10, Trade, 721.744, 95, B10, S00, 1
B10, Trade, 743.512, 95, B10, S08, 1
B10, Trade, 785.093, 95, B10, S06, 1
B10, Trade, 800.372, 95, B10, S00, 1
B10, Trade, 843.442, 95, B10, S08, 1
B10, Trade, 942.070, 95, B10, S03, 1
B10, Trade, 969.744, 95, B10, S02, 1
B10, Trade, 995.907, 95, B10, S00, 1
B10, Trade, 1036.558, 95, B10, S08, 1
B10, Trade, 1094.000, 95, B10, S05, 1
B10, Trade, 1120.837, 95, B10, S00, 1
B10, Trade, 1160.186, 95, B10, S08, 1
B10, Trade, 1193.186, 95, B10, S08, 1
B11, 67
B11, Trade, 5.977, 100, B11, S00, 1
B11, Trade, 43.698, 100, B11, S01, 1
B11, Trade, 67.744, 100, B11, S00, 1
B11, Trade, 102.791, 100, B11, S00, 1
B11, Trade, 126.442, 100, B11, S05, 1
B11, Trade, 139.930, 100, B11, S08, 1
B11, Trade, 144.953, 100, B11, S02, 1
B11, Trade, 169.302, 100, B11, S08, 1
B11, Trade, 213.465, 100, B11, S03, 1
B11, Trade, 226.116, 100, B11, S05, 1
B11, Trade, 246.209, 100, B11, S00, 1
B11, Trade, 255.767, 100, B11, S08, 1
B11, Trade, 286.721, 100, B11, S02, 1
B11, Trade, 291.628, 100, B11, S08, 1
B11, Trade, 319.233, 100, B11, S07, 1
B11, Trade, 321.930, 100, B11, S03, 1
B11, Trade, 360.070, 100, B11, S08, 1
B11, Trade, 375.395, 100, B11, S02, 1
B11, Trade, 382.814, 97, S04, B11, 1
B11, Trade, 386.233, 97, S09, B11, 1
B11, Trade, 397.535, 96, S03, B11, 1
B11, Trade, 434.047, 100, B11, S05, 1
B11, Trade, 437.070, 100, B11, S03, 1
B11, Trade, 462.047, 100, B11, S00, 1
B11, Trade, 473.884, 100, B11, S08, 1
B11, Trade, 477.349, 100, B11, S00, 1
B11, Trade, 502.023, 100, B11, S08, 1
B11, Trade, 506.140, 100, B11, S08, 1
B11, Trade, 526.814, 100, B11, S08, 1
B11, Trade, 540.814, 100, B11, S05, 1
B11, Trade, 544.744, 100, B11, S03, 1
B11, Trade, 557.651, 100, B11, S08, 1
B11, Trade, 569.884, 100, B11, S05, 1
B11, Trade, 581.535, 95, S07, B11, 1
B11, Trade, 591.628, 100, B11, S05, 1
B11, Trade, 619.233, 100, B11, S08, 1
B11, Trade, 630.791, 100, B11, S00, 1
B11, Trade, 653.000, 100, B11, S08, 1
B11, Trade, 658.721, 100, B11, S08, 1
B11, Trade, 685.767, 100, B11, S00, 1
B11, Trade, 716.767, 100, B11, S08, 1
B11, Trade, 744.395, 100, B11, S00, 1
B11, Trade, 774.884, 100, B11, S00, 1
B11, Trade, 781.907, 100, B11, S02, 1
B11, Trade, 791.860, 100, B11, S08, 1
B11, Trade, 799.000, 98, S06, B11, 1
B11, Trade, 835.558, 100, B11, S00, 1
B11, Trade, 842.047, 100, B11, S06, 1
B11, Trade, 870.047, 100, B11, S08, 1
B11, Trade, 905.977, 100, B11, S00, 1
B11, Trade, 920.581, 100, B11, S02, 1
B11, Trade, 937.953, 100, B11, S00, 1
B11, Trade, 970.302, 98, S06, B11, 1
B11, Trade, 978.209, 98, S09, B11, 1
B11, Trade, 995.372, 100, B11, S08, 1
B11, Trade, 1016.163, 100, B11, S08, 1
B11, Trade, 1029.558, 100, B11, S08, 1
B11, Trade, 1039.186, 97, S09, B11, 1
B11, Trade, 1053.000, 100, B11, S03, 1
B11, Trade, 1089.605, 100, B11, S00, 1
B11, Trade, 1091.791, 100, B11, S02, 1
B11, Trade, 1114.837, 100, B11, S08, 1
B11, Trade, 1123.698, 100, B11, S09, 1
B11, Trade, 1159.140, 100, B11, S02, 1
B11, Trade, 1161.023, 100, B11, S03, 1
B11, Trade, 1173.116, 100, S04, B11, 1
B11, Trade, 1192.860, 100, B11, S02, 1
B12, 84
B12, Trade, 2.395, 92, S08, B12, 1
B12, Trade, 23.628, 102, B12, S00, 1
B12, Trade, 37.558, 103, B12, S02, 1
B12, Trade, 58.767, 103, B12, S00, 1
B12, Trade, 100.093, 103, B12, S00, 1
B12, Trade, 118.628, 103, B12, S08, 1
B12, Trade, 142.372, 101, B12, S06, 1
B12, Trade, 153.837, 103, B12, S00, 1
B12, Trade, 159.209, 102, B12, S07, 1
B12, Trade, 171.558, 101, B12, S08, 1
B12, Trade, 193.860, 103, B12, S05, 1
B12, Trade, 213.023, 103, B12, S05, 1
B12, Trade, 225.000, 103, B12, S00, 1
B12, Trade, 240.930, 103, B12, S00, 1
B12, Trade, 245.233, 103, B12, S08, 1
B12, Trade, 265.279, 103, B12, S00, 1
B12, Trade, 286.279, 103, B12, S10, 1
B12, Trade, 288.698, 100, S03, B12, 1
B12, Trade, 314.023, 103, B12, S00, 1
B12, Trade, 317.070, 102, B12, S08, 1
B12, Trade, 332.767, 103, B12, S02, 1
B12, Trade, 340.581, 102, B12, S03, 1
B12, Trade, 352.419, 101, B12, S02, 1
B12, Trade, 358.930, 103, B12, S02, 1
B12, Trade, 371.140, 103, B12, S08, 1
B12, Trade, 383.163, 96, B12, S05, 1
B12, Trade, 392.907, 101, B12, S08, 1
B12, Trade, 404.349, 97, B12, S08, 1
B12, Trade, 419.000, 101, B12, S08, 1
B12, Trade, 433.465, 103, B12, S00, 1
B12, Trade, 454.953, 103, B12, S05, 1
B12, Trade, 471.233, 102, B12, S00, 1
B12, Trade, 500.093, 102, B12, S05, 1
B12, Trade, 516.721, 103, B12, S02, 1
B12, Trade, 520.395, 103, B12, S00, 1
B12, Trade, 523.651, 102, B12, S02, 1
B12, Trade, 543.628, 99, B12, S08, 1
B12, Trade, 551.837, 97, B12, S02, 1
B12, Trade, 556.326, 97, B12, S00, 1
B12, Trade, 572.581, 100, B12, S08, 1
B12, Trade, 578.000, 98, S01, B12, 1
B12, Trade, 598.674, 103, B12, S06, 1
B12, Trade, 610.326, 102, B12, S02, 1
B12, Trade, 637.535, 103, B12, S00, 1
B12, Trade, 650.488, 103, B12, S02, 1
B12, Trade, 661.302, 99, B12, S07, 1
B12, Trade, 665.977, 102, B12, S00, 1
B12, Trade, 685.023, 103, B12, S08, 1
B12, Trade, 706.302, 103, B12, S05, 1
B12, Trade, 714.093, 103, B12, S05, 1
B12, Trade, 729.605, 103, B12, S00, 1
B12, Trade, 735.279, 102, B12, S02, 1
B12, Trade, 743.209, 103, B12, S05, 1
B12, Trade, 774.140, 102, B12, S08, 1
B12, Trade, 782.512, 101, S04, B12, 1
B12, Trade, 790.651, 103, B12, S07, 1
B12, Trade, 799.256, 98, B12, S09, 1
B12, Trade, 815.977, 103, B12, S02, 1
B12, Trade, 824.186, 103, B12, S03, 1
B12, Trade, 834.884, 102, B12, S08, 1
B12, Trade, 838.581, 100, B12, S02, 1
B12, Trade, 851.674, 102, B12, S05, 1
B12, Trade, 865.605, 103, B12, S02, 1
B12, Trade, 874.047, 101, S04, B12, 1
B12, Trade, 879.186, 102, B12, S00, 1
B12, Trade, 896.349, 103, B12, S03, 1
B12, Trade, 903.558, 102, B12, S08, 1
B12, Trade, 905.930, 102, B12, S08, 1
B12, Trade, 921.558, 102, B12, S00, 1
B12, Trade, 935.093, 102, B12, S08, 1
B12, Trade, 965.372, 103, B12, S06, 1
B12, Trade, 975.419, 96, B12, S02, 1
B12, Trade, 1023.953, 103, B12, S00, 1
B12, Trade, 1034.721, 97, S06, B12, 1
B12, Trade, 1048.721, 103, B12, S08, 1
B12, Trade, 1049.605, 102, B12, S06, 1
B12, Trade, 1066.860, 103, B12, S00, 1
B12, Trade, 1081.093, 102, B12, S05, 1
B12, Trade, 1089.256, 103, S07, B12, 1
B12, Trade, 1103.767, 103, B12, S00, 1
B12, Trade, 1118.372, 101, B12, S02, 1
B12, Trade, 1151.698, 103, B12, S02, 1
B12, Trade, 1170.953, 99, B12, S00, 1
B12, Trade, 1190.419, 103, B12, S00, 1
B13, 108
B13, Trade, 8.977, 109, B13, S09, 1
B13, Trade, 14.651, 109, B13, S00, 1
B13, Trade, 25.302, 109, S04, B13, 1
B13, Trade, 41.535, 96, S07, B13, 1
B13, Trade, 50.070, 109, S03, B13, 1
B13, Trade, 63.558, 107, S01, B13, 1
B13, Trade, 78.535, 109, B13, S03, 1
B13, Trade, 89.791, 108, S07, B13, 1
B13, Trade, 95.651, 105, S07, B13, 1
B13, Trade, 111.163, 109, B13, S02, 1
B13, Trade, 115.791, 109, B13, S00, 1
B13, Trade, 130.884, 104, S10, B13, 1
B13, Trade, 132.791, 103, S04, B13, 1
B13, Trade, 150.535, 109, B13, S08, 1
B13, Trade, 153.930, 105, S03, B13, 1
B13, Trade, 169.000, 109, B13, S00, 1
B13, Trade, 184.326, 109, B13, S08, 1
B13, Trade, 192.326, 107, S06, B13, 1
B13, Trade, 211.116, 109, B13, S10, 1
B13, Trade, 214.744, 103, S07, B13, 1
B13, Trade, 227.651, 106, S04, B13, 1
B13, Trade, 242.837, 105, B13, S10, 1
B13, Trade, 262.093, 108, S07, B13, 1
B13, Trade, 277.326, 109, B13, S02, 1
B13, Trade, 289.302, 101, S07, B13, 1
B13, Trade, 298.000, 109, B13, S05, 1
B13, Trade, 308.163, 109, B13, S08, 1
B13, Trade, 320.000, 102, S10, B13, 1
B13, Trade, 329.209, 109, B13, S10, 1
B13, Trade, 348.512, 109, B13, S05, 1
B13, Trade, 357.465, 109, S07, B13, 1
B13, Trade, 363.884, 109, B13, S09, 1
B13, Trade, 384.651, 97, S07, B13, 1
B13, Trade, 403.116, 98, S09, B13, 1
B13, Trade, 408.419, 109, B13, S00, 1
B13, Trade, 418.628, 109, B13, S02, 1
B13, Trade, 424.535, 108, S07, B13, 1
B13, Trade, 440.372, 102, S07, B13, 1
B13, Trade, 454.163, 109, B13, S02, 1
B13, Trade, 461.535, 101, S07, B13, 1
B13, Trade, 470.837, 108, S01, B13, 1
B13, Trade, 476.698, 102, S01, B13, 1
B13, Trade, 490.140, 109, B13, S08, 1
B13, Trade, 500.605, 104, S04, B13, 1
B13, Trade, 505.791, 109, B13, S05, 1
B13, Trade, 512.581, 109, S04, B13, 1
B13, Trade, 528.651, 101, S07, B13, 1
B13, Trade, 534.651, 99, S09, B13, 1
B13, Trade, 547.419, 100, S09, B13, 1
B13, Trade, 555.047, 98, S09, B13, 1
B13, Trade, 573.953, 100, S03, B13, 1
B13, Trade, 591.279, 102, S10, B13, 1
B13, Trade, 593.349, 102, S04, B13, 1
B13, Trade, 609.907, 109, B13, S09, 1
B13, Trade, 621.419, 102, S01, B13, 1
B13, Trade, 629.860, 100, S04, B13, 1
B13, Trade, 636.814, 109, B13, S08, 1
B13, Trade, 651.628, 108, S07, B13, 1
B13, Trade, 664.674, 109, B13, S04, 1
B13, Trade, 670.581, 109, B13, S08, 1
B13, Trade, 683.419, 109, B13, S00, 1
B13, Trade, 691.116, 109, B13, S06, 1
B13, Trade, 699.791, 109, B13, S01, 1
B13, Trade, 709.047, 109, B13, S09, 1
B13, Trade, 718.558, 104, S09, B13, 1
B13, Trade, 724.488, 102, S10, B13, 1
B13, Trade, 737.140, 109, B13, S05, 1
B13, Trade, 753.674, 109, B13, S02, 1
B13, Trade, 769.721, 109, B13, S02, 1
B13, Trade, 774.651, 108, S07, B13, 1
B13, Trade, 789.465, 109, B13, S04, 1
B13, Trade, 814.884, 109, B13, S00, 1
B13, Trade, 822.465, 108, S07, B13, 1
B13, Trade, 832.186, 109, B13, S07, 1
B13, Trade, 843.977, 101, S01, B13, 1
B13, Trade, 850.814, 109, B13, S08, 1
B13, Trade, 864.698, 109, B13, S02, 1
B13, Trade, 870.558, 103, S01, B13, 1
B13, Trade, 878.860, 103, B13, S10, 1
B13, Trade, 886.674, 109, B13, S00, 1
B13, Trade, 897.233, 105, S04, B13, 1
B13, Trade, 909.163, 103, S03, B13, 1
B13, Trade, 925.419, 109, B13, S09, 1
B13, Trade, 940.651, 99, S09, B13, 1
B13, Trade, 962.023, 109, B13, S05, 1
B13, Trade, 964.698, 107, S09, B13, 1
B13, Trade, 972.791, 98, S04, B13, 1
B13, Trade, 981.047, 102, S10, B13, 1
B13, Trade, 994.047, 109, B13, S00, 1
B13, Trade, 1008.372, 109, B13, S00, 1
B13, Trade, 1012.907, 108, S04, B13, 1
B13, Trade, 1017.837, 109, S09, B13, 1
B13, Trade, 1034.953, 97, S09, B13, 1
B13, Trade, 1047.186, 109, B13, S02, 1
B13, Trade, 1053.395, 101, S09, B13, 1
B13, Trade, 1058.070, 105, S03, B13, 1
B13, Trade, 1071.116, 109, B13, S02, 1
B13, Trade, 1083.419, 109, B13, S00, 1
B13, Trade, 1091.140, 103, S10, B13, 1
B13, Trade, 1111.186, 109, B13, S02, 1
B13, Trade, 1112.744, 108, S10, B13, 1
B13, Trade, 1123.884, 101, S06, B13, 1
B13, Trade, 1133.814, 109, S10, B13, 1
B13, Trade, 1138.721, 109, B13, S00, 1
B13, Trade, 1150.837, 109, B13, S00, 1
B13, Trade, 1157.814, 103, S04, B13, 1
B13, Trade, 1174.907, 109, B13, S02, 1
B13, Trade, 1183.512, 109, B13, S02, 1
B14, 100
B14, Trade, 178.395, 113, B14, S09, 1
B14, Trade, 184.116, 111, B14, S00, 1
B14, Trade, 193.628, 106, B14, S00, 1
B14, Trade, 210.093, 110, B14, S00, 1
B14, Trade, 223.930, 105, B14, S02, 1
B14, Trade, 230.163, 92, S08, B14, 1
B14, Trade, 232.884, 107, B14, S07, 1
B14, Trade, 245.837, 102, B14, S02, 1
B14, Trade, 259.953, 108, B14, S10, 1
B14, Trade, 267.860, 109, B14, S04, 1
B14, Trade, 274.953, 112, B14, S05, 1
B14, Trade, 290.395, 100, B14, S09, 1
B14, Trade, 297.977, 110, B14, S02, 1
B14, Trade, 312.140, 107, B14, S02, 1
B14, Trade, 322.930, 99, B14, S00, 1
B14, Trade, 326.884, 101, S01, B14, 1
B14, Trade, 342.698, 111, B14, S04, 1
B14, Trade, 348.326, 110, B14, S08, 1
B14, Trade, 366.302, 108, B14, S02, 1
B14, Trade, 374.233, 103, S01, B14, 1
B14, Trade, 387.116, 97, B14, S02, 1
B14, Trade, 392.488, 102, S09, B14, 1
B14, Trade, 411.023, 113, B14, S05, 1
B14, Trade, 416.884, 111, B14, S09, 1
B14, Trade, 428.395, 107, B14, S05, 1
B14, Trade, 440.279, 101, B14, S09, 1
B14, Trade, 446.558, 113, B14, S05, 1
B14, Trade, 459.023, 102, B14, S03, 1
B14, Trade, 469.395, 102, B14, S08, 1
B14, Trade, 484.000, 112, B14, S02, 1
B14, Trade, 488.791, 113, B14, S10, 1
B14, Trade, 504.767, 111, B14, S00, 1
B14, Trade, 512.023, 109, B14, S01, 1
B14, Trade, 519.651, 105, S07, B14, 1
B14, Trade, 530.186, 96, S05, B14, 1
B14, Trade, 535.698, 106, B14, S00, 1
B14, Trade, 550.419, 96, B14, S00, 1
B14, Trade, 564.093, 103, B14, S06, 1
B14, Trade, 569.302, 102, B14, S02, 1
B14, Trade, 578.744, 98, B14, S02, 1
B14, Trade, 588.558, 91, S01, B14, 1
B14, Trade, 596.256, 104, B14, S10, 1
B14, Trade, 605.419, 113, B14, S03, 1
B14, Trade, 622.837, 101, B14, S06, 1
B14, Trade, 626.953, 100, S03, B14, 1
B14, Trade, 635.581, 101, S09, B14, 1
B14, Trade, 648.419, 107, B14, S00, 1
B14, Trade, 656.326, 106, S10, B14, 1
B14, Trade, 665.860, 97, B14, S02, 1
B14, Trade, 679.791, 113, B14, S02, 1
B14, Trade, 687.093, 110, B14, S02, 1
B14, Trade, 699.070, 108, B14, S02, 1
B14, Trade, 711.651, 113, B14, S02, 1
B14, Trade, 722.535, 100, S07, B14, 1
B14, Trade, 728.767, 112, B14, S02, 1
B14, Trade, 743.093, 106, B14, S00, 1
B14, Trade, 751.767, 100, B14, S08, 1
B14, Trade, 759.093, 113, B14, S08, 1
B14, Trade, 768.767, 112, B14, S01, 1
B14, Trade, 780.628, 104, B14, S10, 1
B14, Trade, 793.372, 99, S03, B14, 1
B14, Trade, 804.698, 113, B14, S04, 1
B14, Trade, 814.651, 110, S01, B14, 1
B14, Trade, 824.279, 103, B14, S01, 1
B14, Trade, 832.163, 110, S10, B14, 1
B14, Trade, 838.186, 104, S03, B14, 1
B14, Trade, 846.116, 105, B14, S02, 1
B14, Trade, 863.535, 113, B14, S00, 1
B14, Trade, 875.140, 102, B14, S00, 1
B14, Trade, 884.140, 102, B14, S01, 1
B14, Trade, 895.163, 104, B14, S00, 1
B14, Trade, 901.047, 113, B14, S09, 1
B14, Trade, 909.860, 103, B14, S05, 1
B14, Trade, 924.279, 103, B14, S08, 1
B14, Trade, 932.465, 112, B14, S08, 1
B14, Trade, 942.163, 92, B14, S02, 1
B14, Trade, 954.837, 113, B14, S00, 1
B14, Trade, 963.558, 104, B14, S08, 1
B14, Trade, 973.535, 98, S01, B14, 1
B14, Trade, 982.419, 98, B14, S00, 1
B14, Trade, 988.186, 103, S01, B14, 1
B14, Trade, 1003.605, 112, B14, S08, 1
B14, Trade, 1014.163, 107, B14, S02, 1
B14, Trade, 1022.628, 108, B14, S03, 1
B14, Trade, 1029.279, 109, B14, S00, 1
B14, Trade, 1045.395, 113, B14, S07, 1
B14, Trade, 1057.116, 99, B14, S00, 1
B14, Trade, 1066.302, 108, B14, S01, 1
B14, Trade, 1076.372, 111, S09, B14, 1
B14, Trade, 1082.930, 110, B14, S02, 1
B14, Trade, 1088.209, 104, S10, B14, 1
B14, Trade, 1102.535, 111, B14, S09, 1
B14, Trade, 1106.163, 111, B14, S06, 1
B14, Trade, 1129.186, 104, B14, S08, 1
B14, Trade, 1138.535, 111, B14, S09, 1
B14, Trade, 1142.558, 108, S04, B14, 1
B14, Trade, 1152.628, 96, B14, S08, 1
B14, Trade, 1158.814, 102, S09, B14, 1
B14, Trade, 1181.558, 112, B14, S08, 1
B14, Trade, 1190.047, 104, S10, B14, 1
B15, 100
B15, Trade, 150.302, 110, B15, S04, 1
B15, Trade, 163.093, 109, B15, S05, 1
B15, Trade, 168.372, 110, B15, S06, 1
B15, Trade, 176.767, 115, S06, B15, 1
B15, Trade, 186.558, 112, B15, S07, 1
B15, Trade, 200.465, 104, B15, S03, 1
B15, Trade, 208.442, 116, B15, S02, 1
B15, Trade, 214.930, 96, B15, S02, 1
B15, Trade, 238.930, 109, S01, B15, 1
B15, Trade, 243.860, 107, B15, S09, 1
B15, Trade, 249.140, 109, B15, S05, 1
B15, Trade, 256.256, 96, B15, S02, 1
B15, Trade, 264.419, 106, S04, B15, 1
B15, Trade, 275.302, 112, B15, S00, 1
B15, Trade, 293.279, 98, B15, S00, 1
B15, Trade, 300.070, 110, S10, B15, 1
B15, Trade, 307.163, 108, S01, B15, 1
B15, Trade, 319.093, 101, S06, B15, 1
B15, Trade, 324.744, 99, B15, S08, 1
B15, Trade, 345.512, 113, B15, S00, 1
B15, Trade, 362.465, 105, S06, B15, 1
B15, Trade, 370.140, 105, S03, B15, 1
B15, Trade, 374.907, 102, S07, B15, 1
B15, Trade, 391.814, 102, S04, B15, 1
B15, Trade, 404.326, 100, B15, S01, 1
B15, Trade, 412.512, 115, B15, S03, 1
B15, Trade, 425.047, 106, B15, S00, 1
B15, Trade, 433.256, 105, B15, S02, 1
B15, Trade, 447.651, 111, B15, S02, 1
B15, Trade, 457.023, 103, B15, S03, 1
B15, Trade, 473.767, 103, S10, B15, 1
B15, Trade, 484.767, 113, B15, S07, 1
B15, Trade, 491.116, 103, B15, S00, 1
B15, Trade, 504.279, 113, B15, S07, 1
B15, Trade, 509.860, 106, B15, S02, 1
B15, Trade, 518.163, 105, S10, B15, 1
B15, Trade, 538.442, 112, B15, S08, 1
B15, Trade, 551.674, 98, B15, S03, 1
B15, Trade, 564.721, 103, S03, B15, 1
B15, Trade, 583.233, 94, S06, B15, 1
B15, Trade, 587.605, 90, B15, S00, 1
B15, Trade, 597.558, 104, S09, B15, 1
B15, Trade, 613.186, 108, B15, S00, 1
B15, Trade, 622.674, 102, S07, B15, 1
B15, Trade, 632.651, 102, S10, B15, 1
B15, Trade, 643.744, 106, B15, S02, 1
B15, Trade, 656.047, 104, B15, S05, 1
B15, Trade, 667.767, 118, B15, S05, 1
B15, Trade, 675.791, 105, B15, S01, 1
B15, Trade, 683.977, 105, B15, S05, 1
B15, Trade, 695.023, 107, B15, S00, 1
B15, Trade, 701.279, 108, B15, S03, 1
B15, Trade, 711.302, 115, B15, S11, 1
B15, Trade, 715.907, 101, B15, S02, 1
B15, Trade, 734.814, 104, S01, B15, 1
B15, Trade, 742.093, 105, B15, S06, 1
B15, Trade, 748.000, 114, B15, S05, 1
B15, Trade, 761.093, 112, B15, S02, 1
B15, Trade, 766.186, 113, S07, B15, 1
B15, Trade, 778.651, 104, B15, S05, 1
B15, Trade, 793.674, 98, B15, S02, 1
B15, Trade, 804.674, 115, B15, S08, 1
B15, Trade, 811.860, 113, B15, S02, 1
B15, Trade, 825.744, 103, S09, B15, 1
B15, Trade, 829.070, 103, B15, S00, 1
B15, Trade, 844.651, 100, B15, S07, 1
B15, Trade, 853.628, 114, S09, B15, 1
B15, Trade, 861.860, 118, B15, S05, 1
B15, Trade, 868.349, 104, B15, S03, 1
B15, Trade, 883.209, 102, B15, S09, 1
B15, Trade, 889.186, 116, B15, S02, 1
B15, Trade, 902.651, 115, B15, S02, 1
B15, Trade, 919.488, 104, S07, B15, 1
B15, Trade, 925.070, 110, B15, S04, 1
B15, Trade, 941.326, 98, S01, B15, 1
B15, Trade, 954.163, 118, B15, S08, 1
B15, Trade, 959.116, 110, B15, S00, 1
B15, Trade, 969.698, 98, B15, S08, 1
B15, Trade, 980.419, 98, S03, B15, 1
B15, Trade, 992.512, 118, S13, B15, 1
B15, Trade, 1007.442, 113, S09, B15, 1
B15, Trade, 1013.349, 107, B15, S08, 1
B15, Trade, 1023.186, 109, S01, B15, 1
B15, Trade, 1031.930, 97, B15, S02, 1
B15, Trade, 1041.326, 83, B15, S02, 1
B15, Trade, 1053.372, 96, B15, S00, 1
B15, Trade, 1059.814, 103, B15, S08, 1
B15, Trade, 1068.767, 101, B15, S08, 1
B15, Trade, 1085.767, 101, B15, S08, 1
B15, Trade, 1099.744, 105, B15, S08, 1
B15, Trade, 1104.837, 112, S04, B15, 1
B15, Trade, 1110.419, 110, B15, S06, 1
B15, Trade, 1125.767, 107, B15, S07, 1
B15, Trade, 1131.791, 104, B15, S05, 1
B15, Trade, 1139.558, 103, B15, S02, 1
B15, Trade, 1146.535, 104, B15, S07, 1
B15, Trade, 1168.116, 99, B15, S07, 1
B15, Trade, 1173.860, 100, S01, B15, 1
B15, Trade, 1182.698, 114, B15, S01, 1
B15, Trade, 1199.674, 114, B15, S04, 1
B16, 117
B16, Trade, 10.512, 111, S07, B16, 1
B16, Trade, 14.302, 118, S13, B16, 1
B16, Trade, 23.000, 105, S09, B16, 1
B16, Trade, 30.698, 118, S13, B16, 1
B16, Trade, 51.558, 117, S10, B16, 1
B16, Trade, 61.674, 108, S03, B16, 1
B16, Trade, 74.256, 117, S10, B16, 1
B16, Trade, 87.907, 108, S09, B16, 1
B16, Trade, 98.907, 118, S13, B16, 1
B16, Trade, 108.860, 115, S07, B16, 1
B16, Trade, 111.279, 119, S10, B16, 1
B16, Trade, 122.349, 109, S07, B16, 1
B16, Trade, 131.233, 103, S09, B16, 1
B16, Trade, 147.279, 102, S10, B16, 1
B16, Trade, 157.605, 104, S06, B16, 1
B16, Trade, 164.163, 118, S13, B16, 1
B16, Trade, 178.070, 118, S13, B16, 1
B16, Trade, 188.605, 113, S09, B16, 1
B16, Trade, 200.674, 105, S07, B16, 1
B16, Trade, 203.047, 122, B16, S08, 1
B16, Trade, 224.000, 109, S06, B16, 1
B16, Trade, 230.814, 118, S13, B16, 1
B16, Trade, 234.349, 110, S10, B16, 1
B16, Trade, 252.791, 109, S07, B16, 1
B16, Trade, 260.093, 109, S09, B16, 1
B16, Trade, 263.837, 106, S09, B16, 1
B16, Trade, 280.070, 110, S07, B16, 1
B16, Trade, 283.349, 108, S01, B16, 1
B16, Trade, 294.953, 122, B16, S01, 1
B16, Trade, 305.488, 109, S06, B16, 1
B16, Trade, 317.116, 104, S05, B16, 1
B16, Trade, 324.233, 100, S07, B16, 1
B16, Trade, 340.930, 105, S09, B16, 1
B16, Trade, 346.674, 118, S13, B16, 1
B16, Trade, 361.116, 107, S04, B16, 1
B16, Trade, 362.744, 118, S13, B16, 1
B16, Trade, 376.977, 101, S04, B16, 1
B16, Trade, 387.814, 117, S06, B16, 1
B16, Trade, 392.651, 102, S01, B16, 1
B16, Trade, 404.884, 118, S13, B16, 1
B16, Trade, 419.419, 110, S06, B16, 1
B16, Trade, 432.163, 110, S04, B16, 1
B16, Trade, 434.605, 108, S01, B16, 1
B16, Trade, 444.628, 122, S10, B16, 1
B16, Trade, 460.698, 102, S01, B16, 1
B16, Trade, 471.698, 107, S09, B16, 1
B16, Trade, 472.837, 106, S04, B16, 1
B16, Trade, 491.907, 118, S13, B16, 1
B16, Trade, 499.721, 103, S09, B16, 1
B16, Trade, 511.651, 109, S03, B16, 1
B16, Trade, 516.651, 106, S06, B16, 1
B16, Trade, 525.558, 101, S06, B16, 1
B16, Trade, 535.558, 118, S13, B16, 1
B16, Trade, 552.395, 98, S07, B16, 1
B16, Trade, 556.279, 122, S10, B16, 1
B16, Trade, 571.163, 118, S13, B16, 1
B16, Trade, 579.581, 102, S10, B16, 1
B16, Trade, 588.860, 91, S07, B16, 1
B16, Trade, 602.116, 104, S07, B16, 1
B16, Trade, 610.814, 118, S13, B16, 1
B16, Trade, 619.837, 105, S10, B16, 1
B16, Trade, 630.302, 100, S07, B16, 1
B16, Trade, 642.930, 109, S01, B16, 1
B16, Trade, 650.535, 108, S01, B16, 1
B16, Trade, 662.628, 100, S09, B16, 1
B16, Trade, 676.256, 107, S09, B16, 1
B16, Trade, 678.535, 122, B16, S07, 1
B16, Trade, 686.093, 113, S01, B16, 1
B16, Trade, 700.419, 118, S13, B16, 1
B16, Trade, 711.326, 115, B16, S00, 1
B16, Trade, 723.628, 100, S04, B16, 1
B16, Trade, 729.907, 109, S07, B16, 1
B16, Trade, 740.698, 107, S03, B16, 1
B16, Trade, 744.698, 106, S04, B16, 1
B16, Trade, 754.093, 122, B16, S13, 1
B16, Trade, 766.093, 113, S09, B16, 1
B16, Trade, 777.093, 107, S01, B16, 1
B16, Trade, 786.581, 97, S09, B16, 1
B16, Trade, 799.279, 100, S07, B16, 1
B16, Trade, 810.070, 118, S13, B16, 1
B16, Trade, 817.465, 120, S10, B16, 1
B16, Trade, 828.907, 116, S06, B16, 1
B16, Trade, 842.721, 102, S10, B16, 1
B16, Trade, 852.628, 118, S13, B16, 1
B16, Trade, 857.605, 107, S10, B16, 1
B16, Trade, 874.442, 118, S13, B16, 1
B16, Trade, 886.163, 118, S13, B16, 1
B16, Trade, 887.605, 122, B16, S01, 1
B16, Trade, 901.860, 118, S13, B16, 1
B16, Trade, 909.442, 104, S04, B16, 1
B16, Trade, 921.209, 104, S04, B16, 1
B16, Trade, 930.837, 112, S01, B16, 1
B16, Trade, 941.140, 98, S07, B16, 1
B16, Trade, 949.488, 122, B16, S02, 1
B16, Trade, 955.186, 118, S03, B16, 1
B16, Trade, 972.256, 98, S09, B16, 1
B16, Trade, 978.930, 99, S01, B16, 1
B16, Trade, 992.233, 122, S03, B16, 1
B16, Trade, 999.767, 117, S03, B16, 1
B16, Trade, 1005.488, 113, S10, B16, 1
B16, Trade, 1019.395, 109, S07, B16, 1
B16, Trade, 1029.860, 110, S10, B16, 1
B16, Trade, 1041.791, 101, S06, B16, 1
B16, Trade, 1046.209, 118, S13, B16, 1
B16, Trade, 1063.093, 104, S01, B16, 1
B16, Trade, 1074.047, 111, S04, B16, 1
B16, Trade, 1078.581, 122, B16, S09, 1
B16, Trade, 1090.116, 103, S09, B16, 1
B16, Trade, 1106.442, 118, S13, B16, 1
B16, Trade, 1120.000, 108, S03, B16, 1
B16, Trade, 1133.721, 108, S01, B16, 1
B16, Trade, 1136.767, 118, S13, B16, 1
B16, Trade, 1150.349, 117, S11, B16, 1
B16, Trade, 1165.744, 100, S06, B16, 1
B16, Trade, 1176.674, 122, B16, S13, 1
B16, Trade, 1178.674, 115, B16, S03, 1
B16, Trade, 1194.140, 111, S07, B16, 1
B17, 100
B17, Trade, 135.163, 107, B17, S07, 1
B17, Trade, 146.465, 100, B17, S00, 1
B17, Trade, 157.698, 103, B17, S10, 1
B17, Trade, 164.302, 110, B17, S01, 1
B17, Trade, 177.488, 114, B17, S01, 1
B17, Trade, 188.116, 111, B17, S02, 1
B17, Trade, 204.930, 121, B17, S13, 1
B17, Trade, 219.209, 113, B17, S00, 1
B17, Trade, 229.512, 99, S07, B17, 1
B17, Trade, 239.279, 108, B17, S08, 1
B17, Trade, 251.163, 111, B17, S01, 1
B17, Trade, 258.791, 108, B17, S00, 1
B17, Trade, 267.953, 108, B17, S08, 1
B17, Trade, 281.140, 108, S10, B17, 1
B17, Trade, 283.186, 107, S03, B17, 1
B17, Trade, 301.698, 109, B17, S08, 1
B17, Trade, 305.209, 107, B17, S00, 1
B17, Trade, 325.186, 102, B17, S09, 1
B17, Trade, 332.070, 106, B17, S08, 1
B17, Trade, 340.814, 103, S10, B17, 1
B17, Trade, 352.326, 110, B17, S03, 1
B17, Trade, 367.721, 108, B17, S06, 1
B17, Trade, 382.837, 96, B17, S08, 1
B17, Trade, 392.930, 99, B17, S00, 1
B17, Trade, 400.279, 94, S06, B17, 1
B17, Trade, 413.535, 115, S03, B17, 1
B17, Trade, 425.837, 110, B17, S02, 1
B17, Trade, 432.605, 108, B17, S10, 1
B17, Trade, 437.279, 100, B17, S08, 1
B17, Trade, 451.884, 112, B17, S08, 1
B17, Trade, 456.767, 104, S06, B17, 1
B17, Trade, 465.884, 105, B17, S02, 1
B17, Trade, 480.070, 107, B17, S07, 1
B17, Trade, 488.837, 113, B17, S06, 1
B17, Trade, 494.767, 111, B17, S00, 1
B17, Trade, 512.256, 107, B17, S06, 1
B17, Trade, 515.581, 106, B17, S08, 1
B17, Trade, 533.698, 98, B17, S03, 1
B17, Trade, 542.698, 102, S01, B17, 1
B17, Trade, 545.605, 100, S09, B17, 1
B17, Trade, 567.814, 102, B17, S10, 1
B17, Trade, 576.907, 98, B17, S00, 1
B17, Trade, 584.535, 93, B17, S08, 1
B17, Trade, 600.721, 102, B17, S08, 1
B17, Trade, 615.814, 107, B17, S02, 1
B17, Trade, 624.930, 100, B17, S00, 1
B17, Trade, 633.419, 100, B17, S08, 1
B17, Trade, 649.581, 107, B17, S03, 1
B17, Trade, 656.791, 106, B17, S01, 1
B17, Trade, 670.186, 119, B17, S11, 1
B17, Trade, 689.186, 110, B17, S10, 1
B17, Trade, 701.953, 108, B17, S10, 1
B17, Trade, 710.023, 111, B17, S08, 1
B17, Trade, 720.744, 100, S06, B17, 1
B17, Trade, 732.488, 104, S09, B17, 1
B17, Trade, 740.000, 108, S07, B17, 1
B17, Trade, 749.767, 113, B17, S07, 1
B17, Trade, 755.140, 116, B17, S03, 1
B17, Trade, 773.209, 109, B17, S00, 1
B17, Trade, 779.907, 103, B17, S08, 1
B17, Trade, 786.884, 93, B17, S00, 1
B17, Trade, 814.349, 110, S06, B17, 1
B17, Trade, 823.721, 104, B17, S06, 1
B17, Trade, 831.093, 109, B17, S02, 1
B17, Trade, 842.279, 100, B17, S04, 1
B17, Trade, 854.907, 113, B17, S07, 1
B17, Trade, 862.302, 117, B17, S10, 1
B17, Trade, 867.837, 105, S10, B17, 1
B17, Trade, 884.070, 102, B17, S02, 1
B17, Trade, 886.837, 106, S09, B17, 1
B17, Trade, 903.163, 114, B17, S06, 1
B17, Trade, 912.488, 109, B17, S04, 1
B17, Trade, 918.721, 105, S10, B17, 1
B17, Trade, 931.070, 111, B17, S00, 1
B17, Trade, 952.349, 125, B17, S09, 1
B17, Trade, 953.767, 123, B17, S04, 1
B17, Trade, 957.628, 113, B17, S05, 1
B17, Trade, 973.651, 97, B17, S00, 1
B17, Trade, 988.419, 103, B17, S10, 1
B17, Trade, 994.465, 110, S09, B17, 1
B17, Trade, 1001.907, 110, B17, S02, 1
B17, Trade, 1012.721, 107, B17, S06, 1
B17, Trade, 1026.791, 109, B17, S02, 1
B17, Trade, 1034.442, 97, S07, B17, 1
B17, Trade, 1043.488, 102, B17, S04, 1
B17, Trade, 1060.093, 101, B17, S02, 1
B17, Trade, 1064.767, 108, B17, S04, 1
B17, Trade, 1079.605, 119, B17, S08, 1
B17, Trade, 1099.209, 113, B17, S11, 1
B17, Trade, 1105.047, 111, B17, S02, 1
B17, Trade, 1114.465, 107, B17, S09, 1
B17, Trade, 1124.977, 100, B17, S08, 1
B17, Trade, 1128.814, 109, B17, S09, 1
B17, Trade, 1141.140, 106, B17, S08, 1
B17, Trade, 1149.488, 111, B17, S01, 1
B17, Trade, 1171.512, 98, B17, S08, 1
B17, Trade, 1179.744, 114, B17, S09, 1
B17, Trade, 1185.116, 109, S10, B17, 1
B17, Trade, 1190.860, 103, B17, S05, 1
B17, Trade, 1197.721, 114, B17, S02, 1
B18, 100
B18, Trade, 14.279, 117, S10, B18, 1
B18, Trade, 23.256, 118, S13, B18, 1
B18, Trade, 42.558, 96, S04, B18, 1
B18, Trade, 55.279, 109, S10, B18, 1
B18, Trade, 75.093, 117, B18, S08, 1
B18, Trade, 81.465, 118, S13, B18, 1
B18, Trade, 87.163, 108, S03, B18, 1
B18, Trade, 102.674, 108, S09, B18, 1
B18, Trade, 122.651, 110, S04, B18, 1
B18, Trade, 132.349, 102, S03, B18, 1
B18, Trade, 172.186, 115, S03, B18, 1
B18, Trade, 187.279, 112, S10, B18, 1
B18, Trade, 195.744, 105, S09, B18, 1
B18, Trade, 210.279, 112, S04, B18, 1
B18, Trade, 220.814, 113, S03, B18, 1
B18, Trade, 230.349, 100, S01, B18, 1
B18, Trade, 239.558, 118, S13, B18, 1
B18, Trade, 257.349, 123, S14, B18, 1
B18, Trade, 272.651, 111, S07, B18, 1
B18, Trade, 277.907, 112, S09, B18, 1
B18, Trade, 287.558, 103, B18, S06, 1
B18, Trade, 295.093, 120, B18, S05, 1
B18, Trade, 307.767, 108, S09, B18, 1
B18, Trade, 314.907, 106, S04, B18, 1
B18, Trade, 322.233, 100, S01, B18, 1
B18, Trade, 346.372, 117, S06, B18, 1
B18, Trade, 353.791, 106, S10, B18, 1
B18, Trade, 356.721, 108, B18, S03, 1
B18, Trade, 385.302, 97, S01, B18, 1
B18, Trade, 399.558, 93, S07, B18, 1
B18, Trade, 415.628, 112, S07, B18, 1
B18, Trade, 423.093, 107, S01, B18, 1
B18, Trade, 432.953, 109, S03, B18, 1
B18, Trade, 448.930, 120, S06, B18, 1
B18, Trade, 452.233, 116, S04, B18, 1
B18, Trade, 465.023, 102, S07, B18, 1
B18, Trade, 468.256, 116, S03, B18, 1
B18, Trade, 478.558, 106, S04, B18, 1
B18, Trade, 492.907, 116, B18, S01, 1
B18, Trade, 499.419, 103, S03, B18, 1
B18, Trade, 521.651, 102, B18, S03, 1
B18, Trade, 528.512, 102, S10, B18, 1
B18, Trade, 541.512, 102, S06, B18, 1
B18, Trade, 550.953, 98, S06, B18, 1
B18, Trade, 556.023, 118, S13, B18, 1
B18, Trade, 572.698, 104, S06, B18, 1
B18, Trade, 578.349, 100, S04, B18, 1
B18, Trade, 590.953, 97, S09, B18, 1
B18, Trade, 596.930, 104, S03, B18, 1
B18, Trade, 614.953, 112, S01, B18, 1
B18, Trade, 624.116, 102, S04, B18, 1
B18, Trade, 630.000, 100, S09, B18, 1
B18, Trade, 640.953, 110, S04, B18, 1
B18, Trade, 652.488, 107, S10, B18, 1
B18, Trade, 659.977, 101, S03, B18, 1
B18, Trade, 675.302, 105, S06, B18, 1
B18, Trade, 683.372, 121, S03, B18, 1
B18, Trade, 690.651, 110, S09, B18, 1
B18, Trade, 698.721, 108, S01, B18, 1
B18, Trade, 707.000, 105, S06, B18, 1
B18, Trade, 721.419, 101, S03, B18, 1
B18, Trade, 734.860, 118, S13, B18, 1
B18, Trade, 744.907, 105, S09, B18, 1
B18, Trade, 755.837, 122, S10, B18, 1
B18, Trade, 777.140, 107, S07, B18, 1
B18, Trade, 796.535, 101, S03, B18, 1
B18, Trade, 815.349, 110, S03, B18, 1
B18, Trade, 818.116, 106, B18, S00, 1
B18, Trade, 828.767, 115, S03, B18, 1
B18, Trade, 851.395, 123, S14, B18, 1
B18, Trade, 858.558, 105, S03, B18, 1
B18, Trade, 871.884, 102, S06, B18, 1
B18, Trade, 884.767, 103, S04, B18, 1
B18, Trade, 892.837, 106, B18, S08, 1
B18, Trade, 910.977, 117, B18, S06, 1
B18, Trade, 914.023, 108, S09, B18, 1
B18, Trade, 927.372, 116, S06, B18, 1
B18, Trade, 944.419, 118, S13, B18, 1
B18, Trade, 950.233, 123, S14, B18, 1
B18, Trade, 965.419, 104, S03, B18, 1
B18, Trade, 976.698, 98, S06, B18, 1
B18, Trade, 977.279, 99, S07, B18, 1
B18, Trade, 996.326, 111, S01, B18, 1
B18, Trade, 996.744, 123, S14, B18, 1
B18, Trade, 1013.047, 108, S07, B18, 1
B18, Trade, 1025.744, 117, S06, B18, 1
B18, Trade, 1041.907, 102, S10, B18, 1
B18, Trade, 1054.767, 102, S07, B18, 1
B18, Trade, 1071.442, 112, S10, B18, 1
B18, Trade, 1074.116, 112, S07, B18, 1
B18, Trade, 1077.279, 118, S13, B18, 1
B18, Trade, 1088.860, 103, S03, B18, 1
B18, Trade, 1106.395, 112, S10, B18, 1
B18, Trade, 1115.558, 108, S01, B18, 1
B18, Trade, 1124.163, 102, S10, B18, 1
B18, Trade, 1135.419, 113, B18, S02, 1
B18, Trade, 1151.186, 104, B18, S05, 1
B18, Trade, 1170.651, 100, S09, B18, 1
B18, Trade, 1174.116, 101, S07, B18, 1
B18, Trade, 1192.814, 106, S01, B18, 1
B19, 100
B19, Trade, 47.140, 120, S06, B19, 1
B19, Trade, 50.860, 111, S07, B19, 1
B19, Trade, 58.186, 105, S03, B19, 1
B19, Trade, 70.116, 105, S09, B19, 1
B19, Trade, 80.535, 109, S04, B19, 1
B19, Trade, 88.116, 108, S01, B19, 1
B19, Trade, 102.047, 106, S10, B19, 1
B19, Trade, 107.767, 114, S12, B19, 1
B19, Trade, 122.628, 106, B19, S02, 1
B19, Trade, 139.070, 103, S06, B19, 1
B19, Trade, 151.884, 108, B19, S08, 1
B19, Trade, 166.814, 123, S14, B19, 1
B19, Trade, 180.442, 121, B19, S07, 1
B19, Trade, 193.535, 107, S10, B19, 1
B19, Trade, 197.233, 104, S06, B19, 1
B19, Trade, 210.837, 111, S09, B19, 1
B19, Trade, 215.116, 103, S01, B19, 1
B19, Trade, 224.837, 108, S09, B19, 1
B19, Trade, 264.744, 106, S01, B19, 1
B19, Trade, 273.814, 113, S10, B19, 1
B19, Trade, 290.256, 101, S04, B19, 1
B19, Trade, 296.442, 116, S06, B19, 1
B19, Trade, 312.581, 107, S01, B19, 1
B19, Trade, 327.744, 110, S06, B19, 1
B19, Trade, 342.907, 117, S06, B19, 1
B19, Trade, 351.116, 112, S09, B19, 1
B19, Trade, 353.395, 106, S04, B19, 1
B19, Trade, 382.628, 97, S03, B19, 1
B19, Trade, 394.000, 114, B19, S11, 1
B19, Trade, 409.698, 123, S06, B19, 1
B19, Trade, 425.209, 115, S06, B19, 1
B19, Trade, 442.116, 118, B19, S04, 1
B19, Trade, 449.372, 121, S07, B19, 1
B19, Trade, 463.512, 101, S04, B19, 1
B19, Trade, 476.186, 102, S03, B19, 1
B19, Trade, 480.442, 105, B19, S02, 1
B19, Trade, 489.558, 111, B19, S04, 1
B19, Trade, 501.860, 104, S07, B19, 1
B19, Trade, 513.581, 109, S09, B19, 1
B19, Trade, 528.767, 115, S11, B19, 1
B19, Trade, 531.884, 102, S01, B19, 1
B19, Trade, 538.605, 123, S14, B19, 1
B19, Trade, 546.930, 102, S10, B19, 1
B19, Trade, 558.698, 108, S04, B19, 1
B19, Trade, 570.581, 103, S07, B19, 1
B19, Trade, 583.302, 94, S04, B19, 1
B19, Trade, 591.488, 103, B19, S01, 1
B19, Trade, 603.535, 114, B19, S08, 1
B19, Trade, 620.674, 103, S03, B19, 1
B19, Trade, 635.814, 101, S07, B19, 1
B19, Trade, 639.442, 112, S03, B19, 1
B19, Trade, 653.070, 107, S09, B19, 1
B19, Trade, 657.767, 118, S13, B19, 1
B19, Trade, 668.140, 118, B19, S07, 1
B19, Trade, 676.581, 118, S13, B19, 1
B19, Trade, 697.767, 108, S07, B19, 1
B19, Trade, 707.302, 105, S04, B19, 1
B19, Trade, 714.674, 111, S03, B19, 1
B19, Trade, 732.907, 103, S10, B19, 1
B19, Trade, 746.558, 117, S03, B19, 1
B19, Trade, 758.791, 118, S04, B19, 1
B19, Trade, 764.070, 113, S10, B19, 1
B19, Trade, 776.791, 107, S06, B19, 1
B19, Trade, 785.279, 96, S03, B19, 1
B19, Trade, 800.581, 97, B19, S05, 1
B19, Trade, 820.349, 109, S04, B19, 1
B19, Trade, 836.837, 105, S07, B19, 1
B19, Trade, 845.558, 118, S13, B19, 1
B19, Trade, 852.977, 114, B19, S01, 1
B19, Trade, 859.674, 118, S13, B19, 1
B19, Trade, 876.674, 104, S01, B19, 1
B19, Trade, 881.535, 103, S03, B19, 1
B19, Trade, 897.674, 105, S01, B19, 1
B19, Trade, 899.837, 110, S07, B19, 1
B19, Trade, 916.372, 106, S07, B19, 1
B19, Trade, 927.860, 113, S05, B19, 1
B19, Trade, 933.488, 118, S13, B19, 1
B19, Trade, 944.628, 122, S10, B19, 1
B19, Trade, 949.814, 122, S06, B19, 1
B19, Trade, 970.721, 97, B19, S07, 1
B19, Trade, 982.977, 100, S07, B19, 1
B19, Trade, 1000.140, 118, S13, B19, 1
B19, Trade, 1008.070, 113, S01, B19, 1
B19, Trade, 1023.581, 106, S10, B19, 1
B19, Trade, 1026.395, 118, S13, B19, 1
B19, Trade, 1038.070, 97, S01, B19, 1
B19, Trade, 1045.093, 118, S13, B19, 1
B19, Trade, 1054.837, 102, S10, B19, 1
B19, Trade, 1060.116, 104, S09, B19, 1
B19, Trade, 1081.070, 115, S07, B19, 1
B19, Trade, 1084.628, 111, S01, B19, 1
B19, Trade, 1095.233, 103, S06, B19, 1
B19, Trade, 1098.674, 123, S14, B19, 1
B19, Trade, 1121.698, 104, S01, B19, 1
B19, Trade, 1123.256, 101, S04, B19, 1
B19, Trade, 1133.047, 108, S04, B19, 1
B19, Trade, 1148.326, 105, S01, B19, 1
B19, Trade, 1164.302, 101, S04, B19, 1
B19, Trade, 1187.116, 109, S07, B19, 1
B19, Trade, 1193.140, 118, S13, B19, 1
B20, 100
B20, Trade, 64.791, 110, B20, S07, 1
B20, Trade, 77.047, 112, B20, S05, 1
B20, Trade, 90.744, 105, B20, S08, 1
B20, Trade, 93.860, 104, B20, S06, 1
B20, Trade, 110.326, 112, B20, S08, 1
B20, Trade, 114.721, 110, B20, S03, 1
B20, Trade, 126.302, 108, B20, S08, 1
B20, Trade, 136.721, 104, B20, S04, 1
B20, Trade, 147.651, 111, B20, S09, 1
B20, Trade, 160.349, 102, B20, S03, 1
B20, Trade, 165.209, 109, B20, S09, 1
B20, Trade, 177.372, 114, B20, S10, 1
B20, Trade, 183.791, 114, S03, B20, 1
B20, Trade, 200.860, 103, B20, S02, 1
B20, Trade, 205.465, 120, B20, S05, 1
B20, Trade, 213.953, 101, S06, B20, 1
B20, Trade, 234.093, 109, B20, S06, 1
B20, Trade, 239.977, 108, B20, S02, 1
B20, Trade, 251.581, 111, B20, S06, 1
B20, Trade, 261.256, 107, B20, S06, 1
B20, Trade, 272.302, 110, B20, S06, 1
B20, Trade, 278.209, 109, B20, S08, 1
B20, Trade, 282.651, 107, B20, S00, 1
B20, Trade, 303.977, 108, B20, S03, 1
B20, Trade, 321.605, 100, B20, S02, 1
B20, Trade, 330.233, 107, B20, S04, 1
B20, Trade, 339.279, 105, B20, S00, 1
B20, Trade, 353.907, 105, B20, S07, 1
B20, Trade, 359.698, 104, B20, S00, 1
B20, Trade, 371.721, 103, B20, S00, 1
B20, Trade, 381.767, 97, B20, S00, 1
B20, Trade, 384.419, 95, B20, S03, 1
B20, Trade, 401.651, 94, S01, B20, 1
B20, Trade, 403.186, 97, B20, S04, 1
B20, Trade, 423.116, 106, B20, S00, 1
B20, Trade, 427.000, 110, B20, S08, 1
B20, Trade, 446.326, 118, B20, S09, 1
B20, Trade, 449.977, 113, B20, S00, 1
B20, Trade, 458.581, 103, S10, B20, 1
B20, Trade, 467.628, 106, B20, S05, 1
B20, Trade, 483.070, 105, B20, S05, 1
B20, Trade, 496.744, 111, B20, S02, 1
B20, Trade, 508.791, 105, B20, S05, 1
B20, Trade, 519.721, 104, B20, S09, 1
B20, Trade, 537.488, 115, B20, S02, 1
B20, Trade, 548.884, 99, B20, S05, 1
B20, Trade, 568.023, 102, B20, S00, 1
B20, Trade, 577.674, 98, B20, S03, 1
B20, Trade, 597.698, 103, B20, S00, 1
B20, Trade, 608.116, 112, B20, S06, 1
B20, Trade, 628.465, 99, B20, S06, 1
B20, Trade, 633.558, 100, B20, S02, 1
B20, Trade, 642.581, 108, S06, B20, 1
B20, Trade, 647.698, 107, B20, S06, 1
B20, Trade, 669.907, 120, B20, S09, 1
B20, Trade, 676.163, 106, S10, B20, 1
B20, Trade, 691.512, 109, B20, S04, 1
B20, Trade, 699.837, 107, B20, S08, 1
B20, Trade, 709.233, 109, B20, S01, 1
B20, Trade, 728.628, 113, B20, S04, 1
B20, Trade, 729.140, 111, B20, S08, 1
B20, Trade, 738.674, 109, B20, S09, 1
B20, Trade, 749.977, 112, B20, S04, 1
B20, Trade, 762.326, 112, B20, S00, 1
B20, Trade, 767.581, 111, B20, S03, 1
B20, Trade, 783.512, 100, S01, B20, 1
B20, Trade, 790.395, 107, B20, S06, 1
B20, Trade, 807.698, 113, B20, S09, 1
B20, Trade, 818.814, 105, B20, S08, 1
B20, Trade, 832.860, 108, B20, S05, 1
B20, Trade, 847.884, 104, B20, S06, 1
B20, Trade, 849.581, 105, S04, B20, 1
B20, Trade, 862.326, 117, B20, S08, 1
B20, Trade, 873.814, 101, S09, B20, 1
B20, Trade, 880.395, 101, B20, S08, 1
B20, Trade, 889.953, 116, S06, B20, 1
B20, Trade, 903.023, 114, B20, S03, 1
B20, Trade, 907.977, 102, B20, S10, 1
B20, Trade, 925.372, 111, B20, S07, 1
B20, Trade, 933.512, 112, B20, S02, 1
B20, Trade, 941.977, 97, S04, B20, 1
B20, Trade, 951.209, 124, B20, S13, 1
B20, Trade, 957.349, 114, B20, S02, 1
B20, Trade, 992.884, 117, B20, S02, 1
B20, Trade, 994.930, 111, S06, B20, 1
B20, Trade, 1008.047, 112, B20, S05, 1
B20, Trade, 1029.419, 108, B20, S11, 1
B20, Trade, 1033.465, 98, S03, B20, 1
B20, Trade, 1046.000, 115, B20, S04, 1
B20, Trade, 1066.837, 107, B20, S05, 1
B20, Trade, 1079.558, 119, B20, S04, 1
B20, Trade, 1108.256, 110, B20, S00, 1
B20, Trade, 1113.535, 108, B20, S04, 1
B20, Trade, 1127.000, 108, B20, S00, 1
B20, Trade, 1143.907, 107, B20, S06, 1
B20, Trade, 1148.116, 104, B20, S10, 1
B20, Trade, 1158.070, 102, B20, S00, 1
B20, Trade, 1178.093, 117, S06, B20, 1
B20, Trade, 1183.116, 113, B20, S00, 1
B20, Trade, 1197.442, 114, B20, S09, 1
B21, 100
B21, Trade, 182.209, 117, S04, B21, 1
B21, Trade, 199.512, 105, S01, B21, 1
B21, Trade, 201.535, 123, S14, B21, 1
B21, Trade, 215.767, 104, S04, B21, 1
B21, Trade, 227.070, 103, S10, B21, 1
B21, Trade, 234.860, 109, S03, B21, 1
B21, Trade, 246.512, 107, S04, B21, 1
B21, Trade, 253.767, 109, S03, B21, 1
B21, Trade, 263.628, 106, S03, B21, 1
B21, Trade, 280.442, 109, S04, B21, 1
B21, Trade, 292.302, 118, S13, B21, 1
B21, Trade, 293.837, 126, S03, B21, 1
B21, Trade, 308.535, 110, S07, B21, 1
B21, Trade, 319.581, 100, S04, B21, 1
B21, Trade, 323.628, 100, S09, B21, 1
B21, Trade, 338.419, 105, S01, B21, 1
B21, Trade, 345.535, 117, S10, B21, 1
B21, Trade, 355.535, 111, S01, B21, 1
B21, Trade, 370.349, 105, S10, B21, 1
B21, Trade, 375.953, 101, S06, B21, 1
B21, Trade, 391.907, 102, S10, B21, 1
B21, Trade, 393.488, 123, S14, B21, 1
B21, Trade, 405.953, 123, S14, B21, 1
B21, Trade, 421.837, 108, S04, B21, 1
B21, Trade, 426.488, 118, S13, B21, 1
B21, Trade, 441.651, 118, S13, B21, 1
B21, Trade, 446.349, 121, S10, B21, 1
B21, Trade, 458.651, 103, S09, B21, 1
B21, Trade, 467.744, 118, S06, B21, 1
B21, Trade, 476.721, 118, S13, B21, 1
B21, Trade, 495.628, 114, S09, B21, 1
B21, Trade, 501.628, 104, S01, B21, 1
B21, Trade, 504.070, 118, S13, B21, 1
B21, Trade, 520.349, 104, S04, B21, 1
B21, Trade, 527.698, 101, S01, B21, 1
B21, Trade, 536.767, 123, S14, B21, 1
B21, Trade, 544.233, 102, S04, B21, 1
B21, Trade, 554.419, 98, S04, B21, 1
B21, Trade, 565.023, 104, S01, B21, 1
B21, Trade, 578.581, 118, S13, B21, 1
B21, Trade, 591.674, 118, S13, B21, 1
B21, Trade, 593.791, 123, S14, B21, 1
B21, Trade, 602.977, 104, S01, B21, 1
B21, Trade, 621.326, 102, S09, B21, 1
B21, Trade, 631.465, 102, S01, B21, 1
B21, Trade, 640.279, 118, S13, B21, 1
B21, Trade, 644.070, 122, S12, B21, 1
B21, Trade, 663.628, 100, S04, B21, 1
B21, Trade, 669.488, 122, S03, B21, 1
B21, Trade, 683.070, 116, S04, B21, 1
B21, Trade, 684.860, 117, S03, B21, 1
B21, Trade, 696.860, 108, S04, B21, 1
B21, Trade, 711.070, 116, S10, B21, 1
B21, Trade, 721.465, 101, S01, B21, 1
B21, Trade, 725.558, 118, S13, B21, 1
B21, Trade, 741.814, 106, S01, B21, 1
B21, Trade, 751.791, 115, S06, B21, 1
B21, Trade, 760.372, 115, S06, B21, 1
B21, Trade, 772.581, 111, S04, B21, 1
B21, Trade, 775.047, 109, S10, B21, 1
B21, Trade, 794.372, 101, S01, B21, 1
B21, Trade, 809.233, 115, S10, B21, 1
B21, Trade, 815.233, 110, S04, B21, 1
B21, Trade, 826.372, 118, S13, B21, 1
B21, Trade, 838.093, 104, S04, B21, 1
B21, Trade, 853.186, 128, S15, B21, 1
B21, Trade, 859.186, 106, S04, B21, 1
B21, Trade, 871.140, 103, S07, B21, 1
B21, Trade, 882.605, 103, S07, B21, 1
B21, Trade, 887.070, 123, S14, B21, 1
B21, Trade, 899.372, 115, S11, B21, 1
B21, Trade, 906.814, 104, S01, B21, 1
B21, Trade, 924.000, 104, S01, B21, 1
B21, Trade, 932.419, 116, S06, B21, 1
B21, Trade, 943.907, 95, S06, B21, 1
B21, Trade, 947.116, 128, S15, B21, 1
B21, Trade, 958.535, 112, S10, B21, 1
B21, Trade, 968.209, 101, S03, B21, 1
B21, Trade, 984.256, 117, S10, B21, 1
B21, Trade, 987.930, 104, S07, B21, 1
B21, Trade, 1000.907, 125, S06, B21, 1
B21, Trade, 1011.163, 108, S10, B21, 1
B21, Trade, 1024.837, 106, S04, B21, 1
B21, Trade, 1029.930, 111, S01, B21, 1
B21, Trade, 1037.907, 97, S04, B21, 1
B21, Trade, 1054.860, 139, S17, B21, 1
B21, Trade, 1058.721, 105, S10, B21, 1
B21, Trade, 1074.163, 115, S03, B21, 1
B21, Trade, 1083.744, 111, S06, B21, 1
B21, Trade, 1092.116, 104, S04, B21, 1
B21, Trade, 1096.558, 117, S03, B21, 1
B21, Trade, 1105.605, 112, S07, B21, 1
B21, Trade, 1118.721, 118, S13, B21, 1
B21, Trade, 1133.488, 107, S03, B21, 1
B21, Trade, 1140.093, 108, S03, B21, 1
B21, Trade, 1146.488, 105, S03, B21, 1
B21, Trade, 1159.465, 102, S10, B21, 1
B21, Trade, 1174.860, 116, S10, B21, 1
B21, Trade, 1182.465, 114, S05, B21, 1
B21, Trade, 1190.767, 104, S03, B21, 1
B22, 99
B22, Trade, 13.093, 101, S01, B22, 1
B22, Trade, 16.488, 110, B22, S02, 1
B22, Trade, 22.186, 110, S07, B22, 1
B22, Trade, 35.093, 118, S13, B22, 1
B22, Trade, 43.837, 118, S05, B22, 1
B22, Trade, 70.767, 107, S04, B22, 1
B22, Trade, 84.488, 112, S07, B22, 1
B22, Trade, 104.884, 117, S06, B22, 1
B22, Trade, 114.279, 111, S03, B22, 1
B22, Trade, 126.605, 109, S01, B22, 1
B22, Trade, 141.140, 102, S09, B22, 1
B22, Trade, 155.512, 105, S01, B22, 1
B22, Trade, 161.279, 103, S04, B22, 1
B22, Trade, 169.093, 110, S04, B22, 1
B22, Trade, 184.674, 128, S15, B22, 1
B22, Trade, 186.814, 113, S04, B22, 1
B22, Trade, 196.093, 105, S04, B22, 1
B22, Trade, 217.488, 135, B22, S07, 1
B22, Trade, 242.581, 106, S09, B22, 1
B22, Trade, 243.140, 108, S04, B22, 1
B22, Trade, 255.326, 118, S13, B22, 1
B22, Trade, 271.023, 115, S06, B22, 1
B22, Trade, 274.442, 118, S13, B22, 1
B22, Trade, 292.884, 123, S14, B22, 1
B22, Trade, 300.442, 110, S07, B22, 1
B22, Trade, 304.907, 108, S04, B22, 1
B22, Trade, 333.977, 106, S03, B22, 1
B22, Trade, 337.093, 105, S07, B22, 1
B22, Trade, 349.744, 116, S01, B22, 1
B22, Trade, 362.140, 106, S09, B22, 1
B22, Trade, 377.000, 102, S10, B22, 1
B22, Trade, 393.465, 118, S13, B22, 1
B22, Trade, 404.047, 102, S10, B22, 1
B22, Trade, 419.186, 111, S10, B22, 1
B22, Trade, 433.651, 108, S09, B22, 1
B22, Trade, 441.558, 117, S06, B22, 1
B22, Trade, 449.651, 118, S13, B22, 1
B22, Trade, 465.209, 118, S13, B22, 1
B22, Trade, 474.070, 102, S06, B22, 1
B22, Trade, 481.047, 105, S09, B22, 1
B22, Trade, 493.953, 123, S14, B22, 1
B22, Trade, 499.953, 104, S06, B22, 1
B22, Trade, 509.395, 116, S10, B22, 1
B22, Trade, 534.628, 99, S04, B22, 1
B22, Trade, 544.163, 102, S07, B22, 1
B22, Trade, 554.698, 98, S01, B22, 1
B22, Trade, 566.814, 104, S09, B22, 1
B22, Trade, 587.465, 91, S06, B22, 1
B22, Trade, 593.233, 102, S03, B22, 1
B22, Trade, 603.209, 106, B22, S02, 1
B22, Trade, 610.186, 113, S10, B22, 1
B22, Trade, 617.860, 111, S04, B22, 1
B22, Trade, 640.116, 113, S10, B22, 1
B22, Trade, 651.349, 108, S04, B22, 1
B22, Trade, 657.558, 115, S06, B22, 1
B22, Trade, 668.465, 120, S06, B22, 1
B22, Trade, 678.163, 123, S14, B22, 1
B22, Trade, 702.605, 109, S09, B22, 1
B22, Trade, 716.837, 107, S07, B22, 1
B22, Trade, 727.628, 121, S06, B22, 1
B22, Trade, 733.186, 108, S03, B22, 1
B22, Trade, 736.860, 119, S10, B22, 1
B22, Trade, 752.419, 118, S13, B22, 1
B22, Trade, 755.488, 117, S01, B22, 1
B22, Trade, 774.209, 110, S09, B22, 1
B22, Trade, 778.581, 107, S09, B22, 1
B22, Trade, 794.581, 102, S10, B22, 1
B22, Trade, 801.070, 108, B22, S01, 1
B22, Trade, 815.535, 109, S07, B22, 1
B22, Trade, 828.070, 116, S05, B22, 1
B22, Trade, 841.628, 101, S09, B22, 1
B22, Trade, 854.023, 113, B22, S00, 1
B22, Trade, 866.860, 107, S09, B22, 1
B22, Trade, 887.698, 128, S15, B22, 1
B22, Trade, 896.977, 105, S10, B22, 1
B22, Trade, 909.628, 114, B22, S02, 1
B22, Trade, 927.512, 117, S03, B22, 1
B22, Trade, 946.116, 123, S14, B22, 1
B22, Trade, 956.070, 114, S10, B22, 1
B22, Trade, 957.000, 114, S01, B22, 1
B22, Trade, 978.256, 97, B22, S08, 1
B22, Trade, 985.116, 104, S04, B22, 1
B22, Trade, 989.721, 104, S04, B22, 1
B22, Trade, 1004.721, 115, S07, B22, 1
B22, Trade, 1013.953, 117, S03, B22, 1
B22, Trade, 1024.070, 106, S09, B22, 1
B22, Trade, 1038.860, 96, S03, B22, 1
B22, Trade, 1063.000, 104, S07, B22, 1
B22, Trade, 1072.581, 113, S06, B22, 1
B22, Trade, 1078.093, 123, S14, B22, 1
B22, Trade, 1097.349, 105, S01, B22, 1
B22, Trade, 1098.419, 118, S13, B22, 1
B22, Trade, 1119.140, 106, S07, B22, 1
B22, Trade, 1130.860, 114, S06, B22, 1
B22, Trade, 1153.814, 106, B22, S06, 1
B22, Trade, 1158.535, 102, S07, B22, 1
B22, Trade, 1167.326, 100, S01, B22, 1
B22, Trade, 1179.488, 118, S13, B22, 1
B22, Trade, 1192.163, 104, S04, B22, 1
S00, 100
S00, Trade, 193.628, 106, B14, S00, 1
S00, Trade, 210.093, 110, B14, S00, 1
S00, Trade, 219.209, 113, B17, S00, 1
S00, Trade, 225.000, 103, B12, S00, 1
S00, Trade, 240.930, 103, B12, S00, 1
S00, Trade, 246.209, 100, B11, S00, 1
S00, Trade, 258.791, 108, B17, S00, 1
S00, Trade, 265.279, 103, B12, S00, 1
S00, Trade, 275.302, 112, B15, S00, 1
S00, Trade, 282.651, 107, B20, S00, 1
S00, Trade, 293.279, 98, B15, S00, 1
S00, Trade, 305.209, 107, B17, S00, 1
S00, Trade, 314.023, 103, B12, S00, 1
S00, Trade, 322.930, 99, B14, S00, 1
S00, Trade, 339.279, 105, B20, S00, 1
S00, Trade, 345.512, 113, B15, S00, 1
S00, Trade, 359.698, 104, B20, S00, 1
S00, Trade, 371.721, 103, B20, S00, 1
S00, Trade, 381.767, 97, B20, S00, 1
S00, Trade, 383.442, 95, B10, S00, 1
S00, Trade, 392.930, 99, B17, S00, 1
S00, Trade, 408.419, 109, B13, S00, 1
S00, Trade, 423.116, 106, B20, S00, 1
S00, Trade, 425.047, 106, B15, S00, 1
S00, Trade, 433.465, 103, B12, S00, 1
S00, Trade, 449.977, 113, B20, S00, 1
S00, Trade, 462.047, 100, B11, S00, 1
S00, Trade, 471.233, 102, B12, S00, 1
S00, Trade, 477.349, 100, B11, S00, 1
S00, Trade, 491.116, 103, B15, S00, 1
S00, Trade, 494.767, 111, B17, S00, 1
S00, Trade, 504.767, 111, B14, S00, 1
S00, Trade, 520.395, 103, B12, S00, 1
S00, Trade, 527.581, 95, B10, S00, 1
S00, Trade, 535.698, 106, B14, S00, 1
S00, Trade, 550.419, 96, B14, S00, 1
S00, Trade, 556.326, 97, B12, S00, 1
S00, Trade, 568.023, 102, B20, S00, 1
S00, Trade, 576.907, 98, B17, S00, 1
S00, Trade, 587.605, 90, B15, S00, 1
S00, Trade, 597.698, 103, B20, S00, 1
S00, Trade, 613.186, 108, B15, S00, 1
S00, Trade, 624.930, 100, B17, S00, 1
S00, Trade, 630.791, 100, B11, S00, 1
S00, Trade, 637.535, 103, B12, S00, 1
S00, Trade, 648.419, 107, B14, S00, 1
S00, Trade, 661.442, 87, B09, S00, 1
S00, Trade, 665.977, 102, B12, S00, 1
S00, Trade, 683.419, 109, B13, S00, 1
S00, Trade, 685.767, 100, B11, S00, 1
S00, Trade, 695.023, 107, B15, S00, 1
S00, Trade, 711.326, 115, B16, S00, 1
S00, Trade, 721.744, 95, B10, S00, 1
S00, Trade, 729.605, 103, B12, S00, 1
S00, Trade, 743.093, 106, B14, S00, 1
S00, Trade, 744.395, 100, B11, S00, 1
S00, Trade, 762.326, 112, B20, S00, 1
S00, Trade, 773.209, 109, B17, S00, 1
S00, Trade, 774.884, 100, B11, S00, 1
S00, Trade, 786.884, 93, B17, S00, 1
S00, Trade, 800.372, 95, B10, S00, 1
S00, Trade, 814.884, 109, B13, S00, 1
S00, Trade, 818.116, 106, B18, S00, 1
S00, Trade, 829.070, 103, B15, S00, 1
S00, Trade, 835.558, 100, B11, S00, 1
S00, Trade, 854.023, 113, B22, S00, 1
S00, Trade, 863.535, 113, B14, S00, 1
S00, Trade, 875.140, 102, B14, S00, 1
S00, Trade, 879.186, 102, B12, S00, 1
S00, Trade, 886.674, 109, B13, S00, 1
S00, Trade, 895.163, 104, B14, S00, 1
S00, Trade, 905.977, 100, B11, S00, 1
S00, Trade, 921.558, 102, B12, S00, 1
S00, Trade, 931.070, 111, B17, S00, 1
S00, Trade, 937.953, 100, B11, S00, 1
S00, Trade, 954.837, 113, B14, S00, 1
S00, Trade, 959.116, 110, B15, S00, 1
S00, Trade, 973.651, 97, B17, S00, 1
S00, Trade, 982.419, 98, B14, S00, 1
S00, Trade, 994.047, 109, B13, S00, 1
S00, Trade, 995.907, 95, B10, S00, 1
S00, Trade, 1008.372, 109, B13, S00, 1
S00, Trade, 1023.953, 103, B12, S00, 1
S00, Trade, 1029.279, 109, B14, S00, 1
S00, Trade, 1038.953, 90, B09, S00, 1
S00, Trade, 1053.372, 96, B15, S00, 1
S00, Trade, 1057.116, 99, B14, S00, 1
S00, Trade, 1066.860, 103, B12, S00, 1
S00, Trade, 1083.419, 109, B13, S00, 1
S00, Trade, 1089.605, 100, B11, S00, 1
S00, Trade, 1103.767, 103, B12, S00, 1
S00, Trade, 1108.256, 110, B20, S00, 1
S00, Trade, 1120.837, 95, B10, S00, 1
S00, Trade, 1127.000, 108, B20, S00, 1
S00, Trade, 1138.721, 109, B13, S00, 1
S00, Trade, 1150.837, 109, B13, S00, 1
S00, Trade, 1158.070, 102, B20, S00, 1
S00, Trade, 1170.953, 99, B12, S00, 1
S00, Trade, 1183.116, 113, B20, S00, 1
S00, Trade, 1190.419, 103, B12, S00, 1
S01, 100
S01, Trade, 81.023, 108, S01, B21, 1
S01, Trade, 88.116, 108, S01, B19, 1
S01, Trade, 97.698, 105, S01, B14, 1
S01, Trade, 126.605, 109, S01, B22, 1
S01, Trade, 138.721, 104, S01, B21, 1
S01, Trade, 155.512, 105, S01, B22, 1
S01, Trade, 164.302, 110, B17, S01, 1
S01, Trade, 177.488, 114, B17, S01, 1
S01, Trade, 199.512, 105, S01, B21, 1
S01, Trade, 215.116, 103, S01, B19, 1
S01, Trade, 230.349, 100, S01, B18, 1
S01, Trade, 238.930, 109, S01, B15, 1
S01, Trade, 251.163, 111, B17, S01, 1
S01, Trade, 264.744, 106, S01, B19, 1
S01, Trade, 283.349, 108, S01, B16, 1
S01, Trade, 294.953, 122, B16, S01, 1
S01, Trade, 307.163, 108, S01, B15, 1
S01, Trade, 312.581, 107, S01, B19, 1
S01, Trade, 322.233, 100, S01, B18, 1
S01, Trade, 326.884, 101, S01, B14, 1
S01, Trade, 338.419, 105, S01, B21, 1
S01, Trade, 349.744, 116, S01, B22, 1
S01, Trade, 355.535, 111, S01, B21, 1
S01, Trade, 374.233, 103, S01, B14, 1
S01, Trade, 385.302, 97, S01, B18, 1
S01, Trade, 392.651, 102, S01, B16, 1
S01, Trade, 401.651, 94, S01, B20, 1
S01, Trade, 404.326, 100, B15, S01, 1
S01, Trade, 423.093, 107, S01, B18, 1
S01, Trade, 434.605, 108, S01, B16, 1
S01, Trade, 460.698, 102, S01, B16, 1
S01, Trade, 470.837, 108, S01, B13, 1
S01, Trade, 476.698, 102, S01, B13, 1
S01, Trade, 492.907, 116, B18, S01, 1
S01, Trade, 501.628, 104, S01, B21, 1
S01, Trade, 512.023, 109, B14, S01, 1
S01, Trade, 527.698, 101, S01, B21, 1
S01, Trade, 531.884, 102, S01, B19, 1
S01, Trade, 542.698, 102, S01, B17, 1
S01, Trade, 554.698, 98, S01, B22, 1
S01, Trade, 565.023, 104, S01, B21, 1
S01, Trade, 578.000, 98, S01, B12, 1
S01, Trade, 588.558, 91, S01, B14, 1
S01, Trade, 591.488, 103, B19, S01, 1
S01, Trade, 602.977, 104, S01, B21, 1
S01, Trade, 614.953, 112, S01, B18, 1
S01, Trade, 621.419, 102, S01, B13, 1
S01, Trade, 631.465, 102, S01, B21, 1
S01, Trade, 642.930, 109, S01, B16, 1
S01, Trade, 650.535, 108, S01, B16, 1
S01, Trade, 656.791, 106, B17, S01, 1
S01, Trade, 675.791, 105, B15, S01, 1
S01, Trade, 686.093, 113, S01, B16, 1
S01, Trade, 698.721, 108, S01, B18, 1
S01, Trade, 699.791, 109, B13, S01, 1
S01, Trade, 709.233, 109, B20, S01, 1
S01, Trade, 721.465, 101, S01, B21, 1
S01, Trade, 734.814, 104, S01, B15, 1
S01, Trade, 741.814, 106, S01, B21, 1
S01, Trade, 755.488, 117, S01, B22, 1
S01, Trade, 768.767, 112, B14, S01, 1
S01, Trade, 777.093, 107, S01, B16, 1
S01, Trade, 783.512, 100, S01, B20, 1
S01, Trade, 794.372, 101, S01, B21, 1
S01, Trade, 801.070, 108, B22, S01, 1
S01, Trade, 814.651, 110, S01, B14, 1
S01, Trade, 824.279, 103, B14, S01, 1
S01, Trade, 843.977, 101, S01, B13, 1
S01, Trade, 852.977, 114, B19, S01, 1
S01, Trade, 870.558, 103, S01, B13, 1
S01, Trade, 876.674, 104, S01, B19, 1
S01, Trade, 884.140, 102, B14, S01, 1
S01, Trade, 887.605, 122, B16, S01, 1
S01, Trade, 897.674, 105, S01, B19, 1
S01, Trade, 906.814, 104, S01, B21, 1
S01, Trade, 924.000, 104, S01, B21, 1
S01, Trade, 930.837, 112, S01, B16, 1
S01, Trade, 941.326, 98, S01, B15, 1
S01, Trade, 957.000, 114, S01, B22, 1
S01, Trade, 973.535, 98, S01, B14, 1
S01, Trade, 978.930, 99, S01, B16, 1
S01, Trade, 988.186, 103, S01, B14, 1
S01, Trade, 996.326, 111, S01, B18, 1
S01, Trade, 1008.070, 113, S01, B19, 1
S01, Trade, 1023.186, 109, S01, B15, 1
S01, Trade, 1029.930, 111, S01, B21, 1
S01, Trade, 1038.070, 97, S01, B19, 1
S01, Trade, 1063.093, 104, S01, B16, 1
S01, Trade, 1066.302, 108, B14, S01, 1
S01, Trade, 1084.628, 111, S01, B19, 1
S01, Trade, 1097.349, 105, S01, B22, 1
S01, Trade, 1115.558, 108, S01, B18, 1
S01, Trade, 1121.698, 104, S01, B19, 1
S01, Trade, 1133.721, 108, S01, B16, 1
S01, Trade, 1148.326, 105, S01, B19, 1
S01, Trade, 1149.488, 111, B17, S01, 1
S01, Trade, 1167.326, 100, S01, B22, 1
S01, Trade, 1173.860, 100, S01, B15, 1
S01, Trade, 1182.698, 114, B15, S01, 1
S01, Trade, 1192.814, 106, S01, B18, 1
S02, 100
S02, Trade, 200.860, 103, B20, S02, 1
S02, Trade, 208.442, 116, B15, S02, 1
S02, Trade, 214.930, 96, B15, S02, 1
S02, Trade, 223.930, 105, B14, S02, 1
S02, Trade, 239.977, 108, B20, S02, 1
S02, Trade, 245.837, 102, B14, S02, 1
S02, Trade, 256.256, 96, B15, S02, 1
S02, Trade, 266.558, 95, B10, S02, 1
S02, Trade, 277.326, 109, B13, S02, 1
S02, Trade, 286.721, 100, B11, S02, 1
S02, Trade, 297.977, 110, B14, S02, 1
S02, Trade, 312.140, 107, B14, S02, 1
S02, Trade, 321.605, 100, B20, S02, 1
S02, Trade, 332.767, 103, B12, S02, 1
S02, Trade, 352.419, 101, B12, S02, 1
S02, Trade, 358.930, 103, B12, S02, 1
S02, Trade, 366.302, 108, B14, S02, 1
S02, Trade, 375.395, 100, B11, S02, 1
S02, Trade, 387.116, 97, B14, S02, 1
S02, Trade, 397.651, 95, B10, S02, 1
S02, Trade, 406.186, 87, B09, S02, 1
S02, Trade, 418.628, 109, B13, S02, 1
S02, Trade, 425.837, 110, B17, S02, 1
S02, Trade, 433.256, 105, B15, S02, 1
S02, Trade, 447.651, 111, B15, S02, 1
S02, Trade, 454.163, 109, B13, S02, 1
S02, Trade, 465.884, 105, B17, S02, 1
S02, Trade, 480.442, 105, B19, S02, 1
S02, Trade, 484.000, 112, B14, S02, 1
S02, Trade, 496.744, 111, B20, S02, 1
S02, Trade, 509.860, 106, B15, S02, 1
S02, Trade, 516.721, 103, B12, S02, 1
S02, Trade, 523.651, 102, B12, S02, 1
S02, Trade, 537.488, 115, B20, S02, 1
S02, Trade, 551.837, 97, B12, S02, 1
S02, Trade, 560.605, 95, B10, S02, 1
S02, Trade, 569.302, 102, B14, S02, 1
S02, Trade, 578.744, 98, B14, S02, 1
S02, Trade, 585.581, 90, B09, S02, 1
S02, Trade, 603.209, 106, B22, S02, 1
S02, Trade, 610.326, 102, B12, S02, 1
S02, Trade, 615.814, 107, B17, S02, 1
S02, Trade, 633.558, 100, B20, S02, 1
S02, Trade, 643.744, 106, B15, S02, 1
S02, Trade, 650.488, 103, B12, S02, 1
S02, Trade, 659.070, 95, B10, S02, 1
S02, Trade, 665.860, 97, B14, S02, 1
S02, Trade, 679.791, 113, B14, S02, 1
S02, Trade, 687.093, 110, B14, S02, 1
S02, Trade, 699.070, 108, B14, S02, 1
S02, Trade, 711.651, 113, B14, S02, 1
S02, Trade, 715.907, 101, B15, S02, 1
S02, Trade, 728.767, 112, B14, S02, 1
S02, Trade, 735.279, 102, B12, S02, 1
S02, Trade, 753.674, 109, B13, S02, 1
S02, Trade, 761.093, 112, B15, S02, 1
S02, Trade, 769.721, 109, B13, S02, 1
S02, Trade, 781.907, 100, B11, S02, 1
S02, Trade, 786.000, 90, B09, S02, 1
S02, Trade, 793.674, 98, B15, S02, 1
S02, Trade, 811.860, 113, B15, S02, 1
S02, Trade, 815.977, 103, B12, S02, 1
S02, Trade, 831.093, 109, B17, S02, 1
S02, Trade, 838.581, 100, B12, S02, 1
S02, Trade, 846.116, 105, B14, S02, 1
S02, Trade, 864.698, 109, B13, S02, 1
S02, Trade, 865.605, 103, B12, S02, 1
S02, Trade, 884.070, 102, B17, S02, 1
S02, Trade, 889.186, 116, B15, S02, 1
S02, Trade, 902.651, 115, B15, S02, 1
S02, Trade, 909.628, 114, B22, S02, 1
S02, Trade, 920.581, 100, B11, S02, 1
S02, Trade, 933.512, 112, B20, S02, 1
S02, Trade, 942.163, 92, B14, S02, 1
S02, Trade, 949.488, 122, B16, S02, 1
S02, Trade, 957.349, 114, B20, S02, 1
S02, Trade, 969.744, 95, B10, S02, 1
S02, Trade, 975.419, 96, B12, S02, 1
S02, Trade, 992.884, 117, B20, S02, 1
S02, Trade, 1001.907, 110, B17, S02, 1
S02, Trade, 1014.163, 107, B14, S02, 1
S02, Trade, 1026.791, 109, B17, S02, 1
S02, Trade, 1031.930, 97, B15, S02, 1
S02, Trade, 1041.326, 83, B15, S02, 1
S02, Trade, 1047.186, 109, B13, S02, 1
S02, Trade, 1060.093, 101, B17, S02, 1
S02, Trade, 1071.116, 109, B13, S02, 1
S02, Trade, 1082.930, 110, B14, S02, 1
S02, Trade, 1091.791, 100, B11, S02, 1
S02, Trade, 1105.047, 111, B17, S02, 1
S02, Trade, 1111.186, 109, B13, S02, 1
S02, Trade, 1118.372, 101, B12, S02, 1
S02, Trade, 1135.419, 113, B18, S02, 1
S02, Trade, 1139.558, 103, B15, S02, 1
S02, Trade, 1151.698, 103, B12, S02, 1
S02, Trade, 1159.140, 100, B11, S02, 1
S02, Trade, 1174.907, 109, B13, S02, 1
S02, Trade, 1183.512, 109, B13, S02, 1
S02, Trade, 1192.860, 100, B11, S02, 1
S02, Trade, 1197.721, 114, B17, S02, 1
S03, 100
S03, Trade, 114.279, 111, S03, B22, 1
S03, Trade, 114.721, 110, B20, S03, 1
S03, Trade, 132.349, 102, S03, B18, 1
S03, Trade, 137.791, 103, B14, S03, 1
S03, Trade, 153.930, 105, S03, B13, 1
S03, Trade, 160.349, 102, B20, S03, 1
S03, Trade, 172.186, 115, S03, B18, 1
S03, Trade, 183.791, 114, S03, B20, 1
S03, Trade, 200.465, 104, B15, S03, 1
S03, Trade, 213.465, 100, B11, S03, 1
S03, Trade, 220.814, 113, S03, B18, 1
S03, Trade, 234.860, 109, S03, B21, 1
S03, Trade, 253.767, 109, S03, B21, 1
S03, Trade, 263.628, 106, S03, B21, 1
S03, Trade, 283.186, 107, S03, B17, 1
S03, Trade, 288.698, 100, S03, B12, 1
S03, Trade, 293.837, 126, S03, B21, 1
S03, Trade, 303.977, 108, B20, S03, 1
S03, Trade, 321.930, 100, B11, S03, 1
S03, Trade, 333.977, 106, S03, B22, 1
S03, Trade, 340.581, 102, B12, S03, 1
S03, Trade, 352.326, 110, B17, S03, 1
S03, Trade, 356.721, 108, B18, S03, 1
S03, Trade, 370.140, 105, S03, B15, 1
S03, Trade, 382.628, 97, S03, B19, 1
S03, Trade, 384.419, 95, B20, S03, 1
S03, Trade, 397.535, 96, S03, B11, 1
S03, Trade, 412.512, 115, B15, S03, 1
S03, Trade, 413.535, 115, S03, B17, 1
S03, Trade, 432.953, 109, S03, B18, 1
S03, Trade, 437.070, 100, B11, S03, 1
S03, Trade, 457.023, 103, B15, S03, 1
S03, Trade, 459.023, 102, B14, S03, 1
S03, Trade, 468.256, 116, S03, B18, 1
S03, Trade, 476.186, 102, S03, B19, 1
S03, Trade, 499.419, 103, S03, B18, 1
S03, Trade, 511.651, 109, S03, B16, 1
S03, Trade, 521.651, 102, B18, S03, 1
S03, Trade, 533.698, 98, B17, S03, 1
S03, Trade, 544.744, 100, B11, S03, 1
S03, Trade, 551.674, 98, B15, S03, 1
S03, Trade, 564.721, 103, S03, B15, 1
S03, Trade, 573.953, 100, S03, B13, 1
S03, Trade, 577.674, 98, B20, S03, 1
S03, Trade, 593.233, 102, S03, B22, 1
S03, Trade, 596.930, 104, S03, B18, 1
S03, Trade, 605.419, 113, B14, S03, 1
S03, Trade, 620.674, 103, S03, B19, 1
S03, Trade, 626.953, 100, S03, B14, 1
S03, Trade, 639.442, 112, S03, B19, 1
S03, Trade, 649.581, 107, B17, S03, 1
S03, Trade, 659.977, 101, S03, B18, 1
S03, Trade, 669.488, 122, S03, B21, 1
S03, Trade, 683.372, 121, S03, B18, 1
S03, Trade, 684.860, 117, S03, B21, 1
S03, Trade, 701.279, 108, B15, S03, 1
S03, Trade, 714.674, 111, S03, B19, 1
S03, Trade, 721.419, 101, S03, B18, 1
S03, Trade, 733.186, 108, S03, B22, 1
S03, Trade, 740.698, 107, S03, B16, 1
S03, Trade, 746.558, 117, S03, B19, 1
S03, Trade, 755.140, 116, B17, S03, 1
S03, Trade, 767.581, 111, B20, S03, 1
S03, Trade, 785.279, 96, S03, B19, 1
S03, Trade, 793.372, 99, S03, B14, 1
S03, Trade, 796.535, 101, S03, B18, 1
S03, Trade, 815.349, 110, S03, B18, 1
S03, Trade, 824.186, 103, B12, S03, 1
S03, Trade, 828.767, 115, S03, B18, 1
S03, Trade, 838.186, 104, S03, B14, 1
S03, Trade, 858.558, 105, S03, B18, 1
S03, Trade, 868.349, 104, B15, S03, 1
S03, Trade, 881.535, 103, S03, B19, 1
S03, Trade, 896.349, 103, B12, S03, 1
S03, Trade, 903.023, 114, B20, S03, 1
S03, Trade, 909.163, 103, S03, B13, 1
S03, Trade, 927.512, 117, S03, B22, 1
S03, Trade, 942.070, 95, B10, S03, 1
S03, Trade, 955.186, 118, S03, B16, 1
S03, Trade, 965.419, 104, S03, B18, 1
S03, Trade, 968.209, 101, S03, B21, 1
S03, Trade, 980.419, 98, S03, B15, 1
S03, Trade, 992.233, 122, S03, B16, 1
S03, Trade, 999.767, 117, S03, B16, 1
S03, Trade, 1013.953, 117, S03, B22, 1
S03, Trade, 1022.628, 108, B14, S03, 1
S03, Trade, 1033.465, 98, S03, B20, 1
S03, Trade, 1038.860, 96, S03, B22, 1
S03, Trade, 1053.000, 100, B11, S03, 1
S03, Trade, 1058.070, 105, S03, B13, 1
S03, Trade, 1074.163, 115, S03, B21, 1
S03, Trade, 1088.860, 103, S03, B18, 1
S03, Trade, 1096.558, 117, S03, B21, 1
S03, Trade, 1120.000, 108, S03, B16, 1
S03, Trade, 1133.488, 107, S03, B21, 1
S03, Trade, 1140.093, 108, S03, B21, 1
S03, Trade, 1146.488, 105, S03, B21, 1
S03, Trade, 1161.023, 100, B11, S03, 1
S03, Trade, 1178.674, 115, B16, S03, 1
S03, Trade, 1190.767, 104, S03, B21, 1
S04, 100
S04, Trade, 161.279, 103, S04, B22, 1
S04, Trade, 169.093, 110, S04, B22, 1
S04, Trade, 182.209, 117, S04, B21, 1
S04, Trade, 186.814, 113, S04, B22, 1
S04, Trade, 196.093, 105, S04, B22, 1
S04, Trade, 210.279, 112, S04, B18, 1
S04, Trade, 215.767, 104, S04, B21, 1
S04, Trade, 227.651, 106, S04, B13, 1
S04, Trade, 243.140, 108, S04, B22, 1
S04, Trade, 246.512, 107, S04, B21, 1
S04, Trade, 264.419, 106, S04, B15, 1
S04, Trade, 267.860, 109, B14, S04, 1
S04, Trade, 280.442, 109, S04, B21, 1
S04, Trade, 290.256, 101, S04, B19, 1
S04, Trade, 304.907, 108, S04, B22, 1
S04, Trade, 314.907, 106, S04, B18, 1
S04, Trade, 319.581, 100, S04, B21, 1
S04, Trade, 330.233, 107, B20, S04, 1
S04, Trade, 342.698, 111, B14, S04, 1
S04, Trade, 353.395, 106, S04, B19, 1
S04, Trade, 361.116, 107, S04, B16, 1
S04, Trade, 376.977, 101, S04, B16, 1
S04, Trade, 382.814, 97, S04, B11, 1
S04, Trade, 391.814, 102, S04, B15, 1
S04, Trade, 403.186, 97, B20, S04, 1
S04, Trade, 421.837, 108, S04, B21, 1
S04, Trade, 432.163, 110, S04, B16, 1
S04, Trade, 442.116, 118, B19, S04, 1
S04, Trade, 452.233, 116, S04, B18, 1
S04, Trade, 463.512, 101, S04, B19, 1
S04, Trade, 472.837, 106, S04, B16, 1
S04, Trade, 478.558, 106, S04, B18, 1
S04, Trade, 489.558, 111, B19, S04, 1
S04, Trade, 500.605, 104, S04, B13, 1
S04, Trade, 512.581, 109, S04, B13, 1
S04, Trade, 520.349, 104, S04, B21, 1
S04, Trade, 534.628, 99, S04, B22, 1
S04, Trade, 544.233, 102, S04, B21, 1
S04, Trade, 554.419, 98, S04, B21, 1
S04, Trade, 558.698, 108, S04, B19, 1
S04, Trade, 578.349, 100, S04, B18, 1
S04, Trade, 583.302, 94, S04, B19, 1
S04, Trade, 593.349, 102, S04, B13, 1
S04, Trade, 617.860, 111, S04, B22, 1
S04, Trade, 624.116, 102, S04, B18, 1
S04, Trade, 629.860, 100, S04, B13, 1
S04, Trade, 640.953, 110, S04, B18, 1
S04, Trade, 651.349, 108, S04, B22, 1
S04, Trade, 663.628, 100, S04, B21, 1
S04, Trade, 664.674, 109, B13, S04, 1
S04, Trade, 683.070, 116, S04, B21, 1
S04, Trade, 691.512, 109, B20, S04, 1
S04, Trade, 696.860, 108, S04, B21, 1
S04, Trade, 707.302, 105, S04, B19, 1
S04, Trade, 723.628, 100, S04, B16, 1
S04, Trade, 728.628, 113, B20, S04, 1
S04, Trade, 744.698, 106, S04, B16, 1
S04, Trade, 749.977, 112, B20, S04, 1
S04, Trade, 758.791, 118, S04, B19, 1
S04, Trade, 772.581, 111, S04, B21, 1
S04, Trade, 782.512, 101, S04, B12, 1
S04, Trade, 789.465, 109, B13, S04, 1
S04, Trade, 804.698, 113, B14, S04, 1
S04, Trade, 815.233, 110, S04, B21, 1
S04, Trade, 820.349, 109, S04, B19, 1
S04, Trade, 838.093, 104, S04, B21, 1
S04, Trade, 842.279, 100, B17, S04, 1
S04, Trade, 849.581, 105, S04, B20, 1
S04, Trade, 859.186, 106, S04, B21, 1
S04, Trade, 874.047, 101, S04, B12, 1
S04, Trade, 884.767, 103, S04, B18, 1
S04, Trade, 897.233, 105, S04, B13, 1
S04, Trade, 909.442, 104, S04, B16, 1
S04, Trade, 912.488, 109, B17, S04, 1
S04, Trade, 921.209, 104, S04, B16, 1
S04, Trade, 925.070, 110, B15, S04, 1
S04, Trade, 941.977, 97, S04, B20, 1
S04, Trade, 953.767, 123, B17, S04, 1
S04, Trade, 972.791, 98, S04, B13, 1
S04, Trade, 985.116, 104, S04, B22, 1
S04, Trade, 989.721, 104, S04, B22, 1
S04, Trade, 1012.907, 108, S04, B13, 1
S04, Trade, 1024.837, 106, S04, B21, 1
S04, Trade, 1037.907, 97, S04, B21, 1
S04, Trade, 1043.488, 102, B17, S04, 1
S04, Trade, 1046.000, 115, B20, S04, 1
S04, Trade, 1064.767, 108, B17, S04, 1
S04, Trade, 1074.047, 111, S04, B16, 1
S04, Trade, 1079.558, 119, B20, S04, 1
S04, Trade, 1092.116, 104, S04, B21, 1
S04, Trade, 1104.837, 112, S04, B15, 1
S04, Trade, 1113.535, 108, B20, S04, 1
S04, Trade, 1123.256, 101, S04, B19, 1
S04, Trade, 1133.047, 108, S04, B19, 1
S04, Trade, 1142.558, 108, S04, B14, 1
S04, Trade, 1157.814, 103, S04, B13, 1
S04, Trade, 1164.302, 101, S04, B19, 1
S04, Trade, 1173.116, 100, S04, B11, 1
S04, Trade, 1192.163, 104, S04, B22, 1
S04, Trade, 1199.674, 114, B15, S04, 1
S05, 61
S05, Trade, 24.884, 103, B15, S05, 1
S05, Trade, 43.837, 118, S05, B22, 1
S05, Trade, 77.047, 112, B20, S05, 1
S05, Trade, 105.395, 110, B17, S05, 1
S05, Trade, 123.721, 114, S05, B21, 1
S05, Trade, 126.442, 100, B11, S05, 1
S05, Trade, 163.093, 109, B15, S05, 1
S05, Trade, 193.860, 103, B12, S05, 1
S05, Trade, 205.465, 120, B20, S05, 1
S05, Trade, 213.023, 103, B12, S05, 1
S05, Trade, 226.116, 100, B11, S05, 1
S05, Trade, 249.140, 109, B15, S05, 1
S05, Trade, 274.953, 112, B14, S05, 1
S05, Trade, 295.093, 120, B18, S05, 1
S05, Trade, 298.000, 109, B13, S05, 1
S05, Trade, 317.116, 104, S05, B16, 1
S05, Trade, 348.512, 109, B13, S05, 1
S05, Trade, 383.163, 96, B12, S05, 1
S05, Trade, 411.023, 113, B14, S05, 1
S05, Trade, 428.395, 107, B14, S05, 1
S05, Trade, 434.047, 100, B11, S05, 1
S05, Trade, 446.558, 113, B14, S05, 1
S05, Trade, 454.953, 103, B12, S05, 1
S05, Trade, 467.628, 106, B20, S05, 1
S05, Trade, 483.070, 105, B20, S05, 1
S05, Trade, 500.093, 102, B12, S05, 1
S05, Trade, 505.791, 109, B13, S05, 1
S05, Trade, 508.791, 105, B20, S05, 1
S05, Trade, 530.186, 96, S05, B14, 1
S05, Trade, 540.814, 100, B11, S05, 1
S05, Trade, 548.884, 99, B20, S05, 1
S05, Trade, 569.884, 100, B11, S05, 1
S05, Trade, 591.628, 100, B11, S05, 1
S05, Trade, 638.488, 95, B10, S05, 1
S05, Trade, 656.047, 104, B15, S05, 1
S05, Trade, 667.767, 118, B15, S05, 1
S05, Trade, 683.977, 105, B15, S05, 1
S05, Trade, 706.302, 103, B12, S05, 1
S05, Trade, 714.093, 103, B12, S05, 1
S05, Trade, 737.140, 109, B13, S05, 1
S05, Trade, 743.209, 103, B12, S05, 1
S05, Trade, 748.000, 114, B15, S05, 1
S05, Trade, 778.651, 104, B15, S05, 1
S05, Trade, 800.581, 97, B19, S05, 1
S05, Trade, 828.070, 116, S05, B22, 1
S05, Trade, 832.860, 108, B20, S05, 1
S05, Trade, 851.674, 102, B12, S05, 1
S05, Trade, 861.860, 118, B15, S05, 1
S05, Trade, 909.860, 103, B14, S05, 1
S05, Trade, 927.860, 113, S05, B19, 1
S05, Trade, 957.628, 113, B17, S05, 1
S05, Trade, 962.023, 109, B13, S05, 1
S05, Trade, 1008.047, 112, B20, S05, 1
S05, Trade, 1039.326, 86, B08, S05, 1
S05, Trade, 1066.837, 107, B20, S05, 1
S05, Trade, 1081.093, 102, B12, S05, 1
S05, Trade, 1094.000, 95, B10, S05, 1
S05, Trade, 1131.791, 104, B15, S05, 1
S05, Trade, 1151.186, 104, B18, S05, 1
S05, Trade, 1182.465, 114, S05, B21, 1
S05, Trade, 1190.860, 103, B17, S05, 1
S06, 100
S06, Trade, 124.698, 109, S06, B14, 1
S06, Trade, 139.070, 103, S06, B19, 1
S06, Trade, 142.372, 101, B12, S06, 1
S06, Trade, 157.605, 104, S06, B16, 1
S06, Trade, 168.372, 110, B15, S06, 1
S06, Trade, 176.767, 115, S06, B15, 1
S06, Trade, 192.326, 107, S06, B13, 1
S06, Trade, 197.233, 104, S06, B19, 1
S06, Trade, 213.953, 101, S06, B20, 1
S06, Trade, 224.000, 109, S06, B16, 1
S06, Trade, 234.093, 109, B20, S06, 1
S06, Trade, 251.581, 111, B20, S06, 1
S06, Trade, 261.256, 107, B20, S06, 1
S06, Trade, 271.023, 115, S06, B22, 1
S06, Trade, 272.302, 110, B20, S06, 1
S06, Trade, 287.558, 103, B18, S06, 1
S06, Trade, 296.442, 116, S06, B19, 1
S06, Trade, 305.488, 109, S06, B16, 1
S06, Trade, 319.093, 101, S06, B15, 1
S06, Trade, 327.744, 110, S06, B19, 1
S06, Trade, 342.907, 117, S06, B19, 1
S06, Trade, 346.372, 117, S06, B18, 1
S06, Trade, 362.465, 105, S06, B15, 1
S06, Trade, 367.721, 108, B17, S06, 1
S06, Trade, 375.953, 101, S06, B21, 1
S06, Trade, 387.814, 117, S06, B16, 1
S06, Trade, 400.279, 94, S06, B17, 1
S06, Trade, 409.698, 123, S06, B19, 1
S06, Trade, 419.419, 110, S06, B16, 1
S06, Trade, 425.209, 115, S06, B19, 1
S06, Trade, 441.558, 117, S06, B22, 1
S06, Trade, 448.930, 120, S06, B18, 1
S06, Trade, 456.767, 104, S06, B17, 1
S06, Trade, 467.744, 118, S06, B21, 1
S06, Trade, 474.070, 102, S06, B22, 1
S06, Trade, 488.837, 113, B17, S06, 1
S06, Trade, 499.953, 104, S06, B22, 1
S06, Trade, 512.256, 107, B17, S06, 1
S06, Trade, 516.651, 106, S06, B16, 1
S06, Trade, 525.558, 101, S06, B16, 1
S06, Trade, 541.512, 102, S06, B18, 1
S06, Trade, 550.953, 98, S06, B18, 1
S06, Trade, 564.093, 103, B14, S06, 1
S06, Trade, 572.698, 104, S06, B18, 1
S06, Trade, 583.233, 94, S06, B15, 1
S06, Trade, 587.465, 91, S06, B22, 1
S06, Trade, 598.674, 103, B12, S06, 1
S06, Trade, 608.116, 112, B20, S06, 1
S06, Trade, 622.837, 101, B14, S06, 1
S06, Trade, 628.465, 99, B20, S06, 1
S06, Trade, 642.581, 108, S06, B20, 1
S06, Trade, 647.698, 107, B20, S06, 1
S06, Trade, 657.558, 115, S06, B22, 1
S06, Trade, 668.465, 120, S06, B22, 1
S06, Trade, 675.302, 105, S06, B18, 1
S06, Trade, 691.116, 109, B13, S06, 1
S06, Trade, 707.000, 105, S06, B18, 1
S06, Trade, 720.744, 100, S06, B17, 1
S06, Trade, 727.628, 121, S06, B22, 1
S06, Trade, 742.093, 105, B15, S06, 1
S06, Trade, 751.791, 115, S06, B21, 1
S06, Trade, 760.372, 115, S06, B21, 1
S06, Trade, 776.791, 107, S06, B19, 1
S06, Trade, 785.093, 95, B10, S06, 1
S06, Trade, 790.395, 107, B20, S06, 1
S06, Trade, 799.000, 98, S06, B11, 1
S06, Trade, 814.349, 110, S06, B17, 1
S06, Trade, 823.721, 104, B17, S06, 1
S06, Trade, 828.907, 116, S06, B16, 1
S06, Trade, 842.047, 100, B11, S06, 1
S06, Trade, 847.884, 104, B20, S06, 1
S06, Trade, 871.884, 102, S06, B18, 1
S06, Trade, 889.953, 116, S06, B20, 1
S06, Trade, 903.163, 114, B17, S06, 1
S06, Trade, 910.977, 117, B18, S06, 1
S06, Trade, 927.372, 116, S06, B18, 1
S06, Trade, 932.419, 116, S06, B21, 1
S06, Trade, 943.907, 95, S06, B21, 1
S06, Trade, 949.814, 122, S06, B19, 1
S06, Trade, 965.372, 103, B12, S06, 1
S06, Trade, 970.302, 98, S06, B11, 1
S06, Trade, 976.698, 98, S06, B18, 1
S06, Trade, 994.930, 111, S06, B20, 1
S06, Trade, 1000.907, 125, S06, B21, 1
S06, Trade, 1012.721, 107, B17, S06, 1
S06, Trade, 1025.744, 117, S06, B18, 1
S06, Trade, 1034.721, 97, S06, B12, 1
S06, Trade, 1041.791, 101, S06, B16, 1
S06, Trade, 1049.605, 102, B12, S06, 1
S06, Trade, 1072.581, 113, S06, B22, 1
S06, Trade, 1083.744, 111, S06, B21, 1
S06, Trade, 1095.233, 103, S06, B19, 1
S06, Trade, 1106.163, 111, B14, S06, 1
S06, Trade, 1110.419, 110, B15, S06, 1
S06, Trade, 1123.884, 101, S06, B13, 1
S06, Trade, 1130.860, 114, S06, B22, 1
S06, Trade, 1143.907, 107, B20, S06, 1
S06, Trade, 1153.814, 106, B22, S06, 1
S06, Trade, 1165.744, 100, S06, B16, 1
S06, Trade, 1178.093, 117, S06, B20, 1
S07, 100
S07, Trade, 95.651, 105, S07, B13, 1
S07, Trade, 108.860, 115, S07, B16, 1
S07, Trade, 122.349, 109, S07, B16, 1
S07, Trade, 135.163, 107, B17, S07, 1
S07, Trade, 159.209, 102, B12, S07, 1
S07, Trade, 171.791, 111, S07, B21, 1
S07, Trade, 180.442, 121, B19, S07, 1
S07, Trade, 186.558, 112, B15, S07, 1
S07, Trade, 200.674, 105, S07, B16, 1
S07, Trade, 214.744, 103, S07, B13, 1
S07, Trade, 217.488, 135, B22, S07, 1
S07, Trade, 229.512, 99, S07, B17, 1
S07, Trade, 232.884, 107, B14, S07, 1
S07, Trade, 252.791, 109, S07, B16, 1
S07, Trade, 262.093, 108, S07, B13, 1
S07, Trade, 272.651, 111, S07, B18, 1
S07, Trade, 280.070, 110, S07, B16, 1
S07, Trade, 289.302, 101, S07, B13, 1
S07, Trade, 300.442, 110, S07, B22, 1
S07, Trade, 308.535, 110, S07, B21, 1
S07, Trade, 319.233, 100, B11, S07, 1
S07, Trade, 324.233, 100, S07, B16, 1
S07, Trade, 337.093, 105, S07, B22, 1
S07, Trade, 353.907, 105, B20, S07, 1
S07, Trade, 357.465, 109, S07, B13, 1
S07, Trade, 374.907, 102, S07, B15, 1
S07, Trade, 384.651, 97, S07, B13, 1
S07, Trade, 399.558, 93, S07, B18, 1
S07, Trade, 415.628, 112, S07, B18, 1
S07, Trade, 424.535, 108, S07, B13, 1
S07, Trade, 440.372, 102, S07, B13, 1
S07, Trade, 449.372, 121, S07, B19, 1
S07, Trade, 461.535, 101, S07, B13, 1
S07, Trade, 465.023, 102, S07, B18, 1
S07, Trade, 480.070, 107, B17, S07, 1
S07, Trade, 484.767, 113, B15, S07, 1
S07, Trade, 501.860, 104, S07, B19, 1
S07, Trade, 504.279, 113, B15, S07, 1
S07, Trade, 519.651, 105, S07, B14, 1
S07, Trade, 528.651, 101, S07, B13, 1
S07, Trade, 544.163, 102, S07, B22, 1
S07, Trade, 552.395, 98, S07, B16, 1
S07, Trade, 570.581, 103, S07, B19, 1
S07, Trade, 581.535, 95, S07, B11, 1
S07, Trade, 588.860, 91, S07, B16, 1
S07, Trade, 602.116, 104, S07, B16, 1
S07, Trade, 622.674, 102, S07, B15, 1
S07, Trade, 630.302, 100, S07, B16, 1
S07, Trade, 635.814, 101, S07, B19, 1
S07, Trade, 651.628, 108, S07, B13, 1
S07, Trade, 661.302, 99, B12, S07, 1
S07, Trade, 668.140, 118, B19, S07, 1
S07, Trade, 678.535, 122, B16, S07, 1
S07, Trade, 697.767, 108, S07, B19, 1
S07, Trade, 716.837, 107, S07, B22, 1
S07, Trade, 722.535, 100, S07, B14, 1
S07, Trade, 729.907, 109, S07, B16, 1
S07, Trade, 740.000, 108, S07, B17, 1
S07, Trade, 749.767, 113, B17, S07, 1
S07, Trade, 766.186, 113, S07, B15, 1
S07, Trade, 774.651, 108, S07, B13, 1
S07, Trade, 777.140, 107, S07, B18, 1
S07, Trade, 790.651, 103, B12, S07, 1
S07, Trade, 799.279, 100, S07, B16, 1
S07, Trade, 815.535, 109, S07, B22, 1
S07, Trade, 822.465, 108, S07, B13, 1
S07, Trade, 832.186, 109, B13, S07, 1
S07, Trade, 836.837, 105, S07, B19, 1
S07, Trade, 844.651, 100, B15, S07, 1
S07, Trade, 854.907, 113, B17, S07, 1
S07, Trade, 871.140, 103, S07, B21, 1
S07, Trade, 882.605, 103, S07, B21, 1
S07, Trade, 899.837, 110, S07, B19, 1
S07, Trade, 916.372, 106, S07, B19, 1
S07, Trade, 919.488, 104, S07, B15, 1
S07, Trade, 925.372, 111, B20, S07, 1
S07, Trade, 941.140, 98, S07, B16, 1
S07, Trade, 970.721, 97, B19, S07, 1
S07, Trade, 977.279, 99, S07, B18, 1
S07, Trade, 982.977, 100, S07, B19, 1
S07, Trade, 987.930, 104, S07, B21, 1
S07, Trade, 1004.721, 115, S07, B22, 1
S07, Trade, 1013.047, 108, S07, B18, 1
S07, Trade, 1019.395, 109, S07, B16, 1
S07, Trade, 1034.442, 97, S07, B17, 1
S07, Trade, 1045.395, 113, B14, S07, 1
S07, Trade, 1054.767, 102, S07, B18, 1
S07, Trade, 1063.000, 104, S07, B22, 1
S07, Trade, 1074.116, 112, S07, B18, 1
S07, Trade, 1081.070, 115, S07, B19, 1
S07, Trade, 1089.256, 103, S07, B12, 1
S07, Trade, 1105.605, 112, S07, B21, 1
S07, Trade, 1119.140, 106, S07, B22, 1
S07, Trade, 1125.767, 107, B15, S07, 1
S07, Trade, 1146.535, 104, B15, S07, 1
S07, Trade, 1158.535, 102, S07, B22, 1
S07, Trade, 1168.116, 99, B15, S07, 1
S07, Trade, 1174.116, 101, S07, B18, 1
S07, Trade, 1187.116, 109, S07, B19, 1
S07, Trade, 1194.140, 111, S07, B16, 1
S08, 100
S08, Trade, 169.302, 100, B11, S08, 1
S08, Trade, 171.558, 101, B12, S08, 1
S08, Trade, 184.326, 109, B13, S08, 1
S08, Trade, 203.047, 122, B16, S08, 1
S08, Trade, 215.605, 95, B10, S08, 1
S08, Trade, 230.163, 92, S08, B14, 1
S08, Trade, 239.279, 108, B17, S08, 1
S08, Trade, 245.233, 103, B12, S08, 1
S08, Trade, 255.767, 100, B11, S08, 1
S08, Trade, 267.953, 108, B17, S08, 1
S08, Trade, 278.209, 109, B20, S08, 1
S08, Trade, 291.628, 100, B11, S08, 1
S08, Trade, 301.698, 109, B17, S08, 1
S08, Trade, 308.163, 109, B13, S08, 1
S08, Trade, 317.070, 102, B12, S08, 1
S08, Trade, 324.744, 99, B15, S08, 1
S08, Trade, 332.070, 106, B17, S08, 1
S08, Trade, 348.326, 110, B14, S08, 1
S08, Trade, 360.070, 100, B11, S08, 1
S08, Trade, 371.140, 103, B12, S08, 1
S08, Trade, 378.721, 95, B10, S08, 1
S08, Trade, 382.837, 96, B17, S08, 1
S08, Trade, 392.907, 101, B12, S08, 1
S08, Trade, 404.349, 97, B12, S08, 1
S08, Trade, 419.000, 101, B12, S08, 1
S08, Trade, 427.000, 110, B20, S08, 1
S08, Trade, 437.279, 100, B17, S08, 1
S08, Trade, 451.884, 112, B17, S08, 1
S08, Trade, 462.674, 95, B10, S08, 1
S08, Trade, 469.395, 102, B14, S08, 1
S08, Trade, 473.884, 100, B11, S08, 1
S08, Trade, 490.140, 109, B13, S08, 1
S08, Trade, 502.023, 100, B11, S08, 1
S08, Trade, 506.140, 100, B11, S08, 1
S08, Trade, 515.581, 106, B17, S08, 1
S08, Trade, 526.814, 100, B11, S08, 1
S08, Trade, 538.442, 112, B15, S08, 1
S08, Trade, 543.628, 99, B12, S08, 1
S08, Trade, 557.651, 100, B11, S08, 1
S08, Trade, 572.581, 100, B12, S08, 1
S08, Trade, 579.953, 95, B10, S08, 1
S08, Trade, 584.535, 93, B17, S08, 1
S08, Trade, 600.721, 102, B17, S08, 1
S08, Trade, 603.535, 114, B19, S08, 1
S08, Trade, 619.233, 100, B11, S08, 1
S08, Trade, 633.419, 100, B17, S08, 1
S08, Trade, 636.814, 109, B13, S08, 1
S08, Trade, 653.000, 100, B11, S08, 1
S08, Trade, 658.721, 100, B11, S08, 1
S08, Trade, 670.581, 109, B13, S08, 1
S08, Trade, 685.023, 103, B12, S08, 1
S08, Trade, 699.837, 107, B20, S08, 1
S08, Trade, 710.023, 111, B17, S08, 1
S08, Trade, 716.767, 100, B11, S08, 1
S08, Trade, 729.140, 111, B20, S08, 1
S08, Trade, 743.512, 95, B10, S08, 1
S08, Trade, 751.767, 100, B14, S08, 1
S08, Trade, 759.093, 113, B14, S08, 1
S08, Trade, 774.140, 102, B12, S08, 1
S08, Trade, 779.907, 103, B17, S08, 1
S08, Trade, 791.860, 100, B11, S08, 1
S08, Trade, 804.674, 115, B15, S08, 1
S08, Trade, 818.814, 105, B20, S08, 1
S08, Trade, 834.884, 102, B12, S08, 1
S08, Trade, 843.442, 95, B10, S08, 1
S08, Trade, 850.814, 109, B13, S08, 1
S08, Trade, 862.326, 117, B20, S08, 1
S08, Trade, 870.047, 100, B11, S08, 1
S08, Trade, 880.395, 101, B20, S08, 1
S08, Trade, 892.837, 106, B18, S08, 1
S08, Trade, 903.558, 102, B12, S08, 1
S08, Trade, 905.930, 102, B12, S08, 1
S08, Trade, 924.279, 103, B14, S08, 1
S08, Trade, 932.465, 112, B14, S08, 1
S08, Trade, 935.093, 102, B12, S08, 1
S08, Trade, 954.163, 118, B15, S08, 1
S08, Trade, 963.558, 104, B14, S08, 1
S08, Trade, 969.698, 98, B15, S08, 1
S08, Trade, 978.256, 97, B22, S08, 1
S08, Trade, 995.372, 100, B11, S08, 1
S08, Trade, 1003.605, 112, B14, S08, 1
S08, Trade, 1013.349, 107, B15, S08, 1
S08, Trade, 1016.163, 100, B11, S08, 1
S08, Trade, 1029.558, 100, B11, S08, 1
S08, Trade, 1036.558, 95, B10, S08, 1
S08, Trade, 1048.721, 103, B12, S08, 1
S08, Trade, 1059.814, 103, B15, S08, 1
S08, Trade, 1068.767, 101, B15, S08, 1
S08, Trade, 1079.605, 119, B17, S08, 1
S08, Trade, 1085.767, 101, B15, S08, 1
S08, Trade, 1099.744, 105, B15, S08, 1
S08, Trade, 1114.837, 100, B11, S08, 1
S08, Trade, 1124.977, 100, B17, S08, 1
S08, Trade, 1129.186, 104, B14, S08, 1
S08, Trade, 1141.140, 106, B17, S08, 1
S08, Trade, 1152.628, 96, B14, S08, 1
S08, Trade, 1160.186, 95, B10, S08, 1
S08, Trade, 1171.512, 98, B17, S08, 1
S08, Trade, 1181.558, 112, B14, S08, 1
S08, Trade, 1193.186, 95, B10, S08, 1
S09, 100
S09, Trade, 117.512, 110, S09, B21, 1
S09, Trade, 131.233, 103, S09, B16, 1
S09, Trade, 141.140, 102, S09, B22, 1
S09, Trade, 147.651, 111, B20, S09, 1
S09, Trade, 165.209, 109, B20, S09, 1
S09, Trade, 178.395, 113, B14, S09, 1
S09, Trade, 188.605, 113, S09, B16, 1
S09, Trade, 195.744, 105, S09, B18, 1
S09, Trade, 210.837, 111, S09, B19, 1
S09, Trade, 224.837, 108, S09, B19, 1
S09, Trade, 242.581, 106, S09, B22, 1
S09, Trade, 243.860, 107, B15, S09, 1
S09, Trade, 260.093, 109, S09, B16, 1
S09, Trade, 263.837, 106, S09, B16, 1
S09, Trade, 277.907, 112, S09, B18, 1
S09, Trade, 290.395, 100, B14, S09, 1
S09, Trade, 307.767, 108, S09, B18, 1
S09, Trade, 323.628, 100, S09, B21, 1
S09, Trade, 325.186, 102, B17, S09, 1
S09, Trade, 340.930, 105, S09, B16, 1
S09, Trade, 351.116, 112, S09, B19, 1
S09, Trade, 362.140, 106, S09, B22, 1
S09, Trade, 363.884, 109, B13, S09, 1
S09, Trade, 386.233, 97, S09, B11, 1
S09, Trade, 392.488, 102, S09, B14, 1
S09, Trade, 403.116, 98, S09, B13, 1
S09, Trade, 416.884, 111, B14, S09, 1
S09, Trade, 433.651, 108, S09, B22, 1
S09, Trade, 440.279, 101, B14, S09, 1
S09, Trade, 446.326, 118, B20, S09, 1
S09, Trade, 458.651, 103, S09, B21, 1
S09, Trade, 471.698, 107, S09, B16, 1
S09, Trade, 481.047, 105, S09, B22, 1
S09, Trade, 495.628, 114, S09, B21, 1
S09, Trade, 499.721, 103, S09, B16, 1
S09, Trade, 513.581, 109, S09, B19, 1
S09, Trade, 519.721, 104, B20, S09, 1
S09, Trade, 534.651, 99, S09, B13, 1
S09, Trade, 545.605, 100, S09, B17, 1
S09, Trade, 547.419, 100, S09, B13, 1
S09, Trade, 555.047, 98, S09, B13, 1
S09, Trade, 566.814, 104, S09, B22, 1
S09, Trade, 590.953, 97, S09, B18, 1
S09, Trade, 597.558, 104, S09, B15, 1
S09, Trade, 609.907, 109, B13, S09, 1
S09, Trade, 621.326, 102, S09, B21, 1
S09, Trade, 630.000, 100, S09, B18, 1
S09, Trade, 635.581, 101, S09, B14, 1
S09, Trade, 653.070, 107, S09, B19, 1
S09, Trade, 662.628, 100, S09, B16, 1
S09, Trade, 669.907, 120, B20, S09, 1
S09, Trade, 676.256, 107, S09, B16, 1
S09, Trade, 690.651, 110, S09, B18, 1
S09, Trade, 702.605, 109, S09, B22, 1
S09, Trade, 709.047, 109, B13, S09, 1
S09, Trade, 718.558, 104, S09, B13, 1
S09, Trade, 732.488, 104, S09, B17, 1
S09, Trade, 738.674, 109, B20, S09, 1
S09, Trade, 744.907, 105, S09, B18, 1
S09, Trade, 766.093, 113, S09, B16, 1
S09, Trade, 774.209, 110, S09, B22, 1
S09, Trade, 778.581, 107, S09, B22, 1
S09, Trade, 786.581, 97, S09, B16, 1
S09, Trade, 799.256, 98, B12, S09, 1
S09, Trade, 807.698, 113, B20, S09, 1
S09, Trade, 825.744, 103, S09, B15, 1
S09, Trade, 841.628, 101, S09, B22, 1
S09, Trade, 853.628, 114, S09, B15, 1
S09, Trade, 866.860, 107, S09, B22, 1
S09, Trade, 873.814, 101, S09, B20, 1
S09, Trade, 883.209, 102, B15, S09, 1
S09, Trade, 886.837, 106, S09, B17, 1
S09, Trade, 901.047, 113, B14, S09, 1
S09, Trade, 914.023, 108, S09, B18, 1
S09, Trade, 925.419, 109, B13, S09, 1
S09, Trade, 940.651, 99, S09, B13, 1
S09, Trade, 952.349, 125, B17, S09, 1
S09, Trade, 964.698, 107, S09, B13, 1
S09, Trade, 972.256, 98, S09, B16, 1
S09, Trade, 978.209, 98, S09, B11, 1
S09, Trade, 994.465, 110, S09, B17, 1
S09, Trade, 1007.442, 113, S09, B15, 1
S09, Trade, 1017.837, 109, S09, B13, 1
S09, Trade, 1024.070, 106, S09, B22, 1
S09, Trade, 1034.953, 97, S09, B13, 1
S09, Trade, 1039.186, 97, S09, B11, 1
S09, Trade, 1053.395, 101, S09, B13, 1
S09, Trade, 1060.116, 104, S09, B19, 1
S09, Trade, 1076.372, 111, S09, B14, 1
S09, Trade, 1078.581, 122, B16, S09, 1
S09, Trade, 1090.116, 103, S09, B16, 1
S09, Trade, 1102.535, 111, B14, S09, 1
S09, Trade, 1114.465, 107, B17, S09, 1
S09, Trade, 1123.698, 100, B11, S09, 1
S09, Trade, 1128.814, 109, B17, S09, 1
S09, Trade, 1138.535, 111, B14, S09, 1
S09, Trade, 1158.814, 102, S09, B14, 1
S09, Trade, 1170.651, 100, S09, B18, 1
S09, Trade, 1179.744, 114, B17, S09, 1
S09, Trade, 1197.442, 114, B20, S09, 1
S10, 100
S10, Trade, 74.256, 117, S10, B16, 1
S10, Trade, 82.163, 121, S10, B21, 1
S10, Trade, 102.047, 106, S10, B19, 1
S10, Trade, 111.279, 119, S10, B16, 1
S10, Trade, 115.186, 110, B15, S10, 1
S10, Trade, 130.884, 104, S10, B13, 1
S10, Trade, 147.279, 102, S10, B16, 1
S10, Trade, 152.512, 107, S10, B21, 1
S10, Trade, 157.698, 103, B17, S10, 1
S10, Trade, 177.372, 114, B20, S10, 1
S10, Trade, 187.279, 112, S10, B18, 1
S10, Trade, 193.535, 107, S10, B19, 1
S10, Trade, 211.116, 109, B13, S10, 1
S10, Trade, 227.070, 103, S10, B21, 1
S10, Trade, 234.349, 110, S10, B16, 1
S10, Trade, 242.837, 105, B13, S10, 1
S10, Trade, 259.953, 108, B14, S10, 1
S10, Trade, 273.814, 113, S10, B19, 1
S10, Trade, 281.140, 108, S10, B17, 1
S10, Trade, 286.279, 103, B12, S10, 1
S10, Trade, 300.070, 110, S10, B15, 1
S10, Trade, 320.000, 102, S10, B13, 1
S10, Trade, 329.209, 109, B13, S10, 1
S10, Trade, 340.814, 103, S10, B17, 1
S10, Trade, 345.535, 117, S10, B21, 1
S10, Trade, 353.791, 106, S10, B18, 1
S10, Trade, 370.349, 105, S10, B21, 1
S10, Trade, 377.000, 102, S10, B22, 1
S10, Trade, 391.907, 102, S10, B21, 1
S10, Trade, 404.047, 102, S10, B22, 1
S10, Trade, 419.186, 111, S10, B22, 1
S10, Trade, 432.605, 108, B17, S10, 1
S10, Trade, 444.628, 122, S10, B16, 1
S10, Trade, 446.349, 121, S10, B21, 1
S10, Trade, 458.581, 103, S10, B20, 1
S10, Trade, 473.767, 103, S10, B15, 1
S10, Trade, 488.791, 113, B14, S10, 1
S10, Trade, 509.395, 116, S10, B22, 1
S10, Trade, 518.163, 105, S10, B15, 1
S10, Trade, 528.512, 102, S10, B18, 1
S10, Trade, 546.930, 102, S10, B19, 1
S10, Trade, 556.279, 122, S10, B16, 1
S10, Trade, 567.814, 102, B17, S10, 1
S10, Trade, 579.581, 102, S10, B16, 1
S10, Trade, 591.279, 102, S10, B13, 1
S10, Trade, 596.256, 104, B14, S10, 1
S10, Trade, 610.186, 113, S10, B22, 1
S10, Trade, 619.837, 105, S10, B16, 1
S10, Trade, 632.651, 102, S10, B15, 1
S10, Trade, 640.116, 113, S10, B22, 1
S10, Trade, 652.488, 107, S10, B18, 1
S10, Trade, 656.326, 106, S10, B14, 1
S10, Trade, 676.163, 106, S10, B20, 1
S10, Trade, 689.186, 110, B17, S10, 1
S10, Trade, 701.953, 108, B17, S10, 1
S10, Trade, 711.070, 116, S10, B21, 1
S10, Trade, 724.488, 102, S10, B13, 1
S10, Trade, 732.907, 103, S10, B19, 1
S10, Trade, 736.860, 119, S10, B22, 1
S10, Trade, 755.837, 122, S10, B18, 1
S10, Trade, 764.070, 113, S10, B19, 1
S10, Trade, 775.047, 109, S10, B21, 1
S10, Trade, 780.628, 104, B14, S10, 1
S10, Trade, 794.581, 102, S10, B22, 1
S10, Trade, 809.233, 115, S10, B21, 1
S10, Trade, 817.465, 120, S10, B16, 1
S10, Trade, 832.163, 110, S10, B14, 1
S10, Trade, 842.721, 102, S10, B16, 1
S10, Trade, 857.605, 107, S10, B16, 1
S10, Trade, 862.302, 117, B17, S10, 1
S10, Trade, 867.837, 105, S10, B17, 1
S10, Trade, 878.860, 103, B13, S10, 1
S10, Trade, 896.977, 105, S10, B22, 1
S10, Trade, 907.977, 102, B20, S10, 1
S10, Trade, 918.721, 105, S10, B17, 1
S10, Trade, 944.628, 122, S10, B19, 1
S10, Trade, 956.070, 114, S10, B22, 1
S10, Trade, 958.535, 112, S10, B21, 1
S10, Trade, 981.047, 102, S10, B13, 1
S10, Trade, 984.256, 117, S10, B21, 1
S10, Trade, 988.419, 103, B17, S10, 1
S10, Trade, 1005.488, 113, S10, B16, 1
S10, Trade, 1011.163, 108, S10, B21, 1
S10, Trade, 1023.581, 106, S10, B19, 1
S10, Trade, 1029.860, 110, S10, B16, 1
S10, Trade, 1041.907, 102, S10, B18, 1
S10, Trade, 1054.837, 102, S10, B19, 1
S10, Trade, 1058.721, 105, S10, B21, 1
S10, Trade, 1071.442, 112, S10, B18, 1
S10, Trade, 1088.209, 104, S10, B14, 1
S10, Trade, 1091.140, 103, S10, B13, 1
S10, Trade, 1106.395, 112, S10, B18, 1
S10, Trade, 1112.744, 108, S10, B13, 1
S10, Trade, 1124.163, 102, S10, B18, 1
S10, Trade, 1133.814, 109, S10, B13, 1
S10, Trade, 1148.116, 104, B20, S10, 1
S10, Trade, 1159.465, 102, S10, B21, 1
S10, Trade, 1174.860, 116, S10, B21, 1
S10, Trade, 1185.116, 109, S10, B17, 1
S10, Trade, 1190.047, 104, S10, B14, 1
S11, 8
S11, Trade, 394.000, 114, B19, S11, 1
S11, Trade, 528.767, 115, S11, B19, 1
S11, Trade, 670.186, 119, B17, S11, 1
S11, Trade, 711.302, 115, B15, S11, 1
S11, Trade, 899.372, 115, S11, B21, 1
S11, Trade, 1029.419, 108, B20, S11, 1
S11, Trade, 1099.209, 113, B17, S11, 1
S11, Trade, 1150.349, 117, S11, B16, 1
S12, 2
S12, Trade, 107.767, 114, S12, B19, 1
S12, Trade, 644.070, 122, S12, B21, 1
S13, 65
S13, Trade, 14.302, 118, S13, B16, 1
S13, Trade, 23.256, 118, S13, B18, 1
S13, Trade, 30.698, 118, S13, B16, 1
S13, Trade, 35.093, 118, S13, B22, 1
S13, Trade, 81.465, 118, S13, B18, 1
S13, Trade, 98.907, 118, S13, B16, 1
S13, Trade, 105.744, 118, S13, B21, 1
S13, Trade, 148.581, 118, S13, B21, 1
S13, Trade, 164.163, 118, S13, B16, 1
S13, Trade, 178.070, 118, S13, B16, 1
S13, Trade, 204.930, 121, B17, S13, 1
S13, Trade, 230.814, 118, S13, B16, 1
S13, Trade, 239.558, 118, S13, B18, 1
S13, Trade, 255.326, 118, S13, B22, 1
S13, Trade, 274.442, 118, S13, B22, 1
S13, Trade, 292.302, 118, S13, B21, 1
S13, Trade, 346.674, 118, S13, B16, 1
S13, Trade, 362.744, 118, S13, B16, 1
S13, Trade, 393.465, 118, S13, B22, 1
S13, Trade, 404.884, 118, S13, B16, 1
S13, Trade, 426.488, 118, S13, B21, 1
S13, Trade, 441.651, 118, S13, B21, 1
S13, Trade, 449.651, 118, S13, B22, 1
S13, Trade, 465.209, 118, S13, B22, 1
S13, Trade, 476.721, 118, S13, B21, 1
S13, Trade, 491.907, 118, S13, B16, 1
S13, Trade, 504.070, 118, S13, B21, 1
S13, Trade, 535.558, 118, S13, B16, 1
S13, Trade, 556.023, 118, S13, B18, 1
S13, Trade, 571.163, 118, S13, B16, 1
S13, Trade, 578.581, 118, S13, B21, 1
S13, Trade, 591.674, 118, S13, B21, 1
S13, Trade, 610.814, 118, S13, B16, 1
S13, Trade, 640.279, 118, S13, B21, 1
S13, Trade, 657.767, 118, S13, B19, 1
S13, Trade, 676.581, 118, S13, B19, 1
S13, Trade, 700.419, 118, S13, B16, 1
S13, Trade, 725.558, 118, S13, B21, 1
S13, Trade, 734.860, 118, S13, B18, 1
S13, Trade, 752.419, 118, S13, B22, 1
S13, Trade, 754.093, 122, B16, S13, 1
S13, Trade, 810.070, 118, S13, B16, 1
S13, Trade, 826.372, 118, S13, B21, 1
S13, Trade, 845.558, 118, S13, B19, 1
S13, Trade, 852.628, 118, S13, B16, 1
S13, Trade, 859.674, 118, S13, B19, 1
S13, Trade, 874.442, 118, S13, B16, 1
S13, Trade, 886.163, 118, S13, B16, 1
S13, Trade, 901.860, 118, S13, B16, 1
S13, Trade, 933.488, 118, S13, B19, 1
S13, Trade, 944.419, 118, S13, B18, 1
S13, Trade, 951.209, 124, B20, S13, 1
S13, Trade, 992.512, 118, S13, B15, 1
S13, Trade, 1000.140, 118, S13, B19, 1
S13, Trade, 1026.395, 118, S13, B19, 1
S13, Trade, 1045.093, 118, S13, B19, 1
S13, Trade, 1046.209, 118, S13, B16, 1
S13, Trade, 1077.279, 118, S13, B18, 1
S13, Trade, 1098.419, 118, S13, B22, 1
S13, Trade, 1106.442, 118, S13, B16, 1
S13, Trade, 1118.721, 118, S13, B21, 1
S13, Trade, 1136.767, 118, S13, B16, 1
S13, Trade, 1176.674, 122, B16, S13, 1
S13, Trade, 1179.488, 118, S13, B22, 1
S13, Trade, 1193.140, 118, S13, B19, 1
S14, 19
S14, Trade, 166.814, 123, S14, B19, 1
S14, Trade, 178.674, 123, S14, B21, 1
S14, Trade, 201.535, 123, S14, B21, 1
S14, Trade, 257.349, 123, S14, B18, 1
S14, Trade, 292.884, 123, S14, B22, 1
S14, Trade, 393.488, 123, S14, B21, 1
S14, Trade, 405.953, 123, S14, B21, 1
S14, Trade, 493.953, 123, S14, B22, 1
S14, Trade, 536.767, 123, S14, B21, 1
S14, Trade, 538.605, 123, S14, B19, 1
S14, Trade, 593.791, 123, S14, B21, 1
S14, Trade, 678.163, 123, S14, B22, 1
S14, Trade, 851.395, 123, S14, B18, 1
S14, Trade, 887.070, 123, S14, B21, 1
S14, Trade, 946.116, 123, S14, B22, 1
S14, Trade, 950.233, 123, S14, B18, 1
S14, Trade, 996.744, 123, S14, B18, 1
S14, Trade, 1078.093, 123, S14, B22, 1
S14, Trade, 1098.674, 123, S14, B19, 1
S15, 4
S15, Trade, 184.674, 128, S15, B22, 1
S15, Trade, 853.186, 128, S15, B21, 1
S15, Trade, 887.698, 128, S15, B22, 1
S15, Trade, 947.116, 128, S15, B21, 1
S16, 0
S17, 1
S17, Trade, 1054.860, 139, S17, B21, 1
S18, 0
S19, 0
